2026-05-20 01:16:26 | INFO     | backend.logging_config | setup_logging:110 | Logging configured successfully (mode: production)
2026-05-20 01:17:07 | INFO     | backend.logging_config | setup_logging:110 | Logging configured successfully (mode: production)
2026-05-20 01:17:07 | INFO     | main | startup:85 | Starting StudentSpend API server...
2026-05-20 01:17:08 | INFO     | main | startup:90 | StudentSpend API server started successfully
2026-05-20 01:17:43 | INFO     | backend.logging_config | setup_logging:110 | Logging configured successfully (mode: production)
2026-05-20 01:17:43 | INFO     | main | startup:85 | Starting StudentSpend API server...
2026-05-20 01:17:43 | INFO     | main | startup:90 | StudentSpend API server started successfully
2026-05-20 01:18:13 | INFO     | backend.logging_config | setup_logging:110 | Logging configured successfully (mode: production)
2026-05-20 01:18:13 | INFO     | main | startup:85 | Starting StudentSpend API server...
2026-05-20 01:18:13 | INFO     | main | startup:90 | StudentSpend API server started successfully
2026-05-20 01:19:22 | INFO     | backend.logging_config | setup_logging:110 | Logging configured successfully (mode: production)
2026-05-20 01:19:22 | INFO     | main | startup:85 | Starting StudentSpend API server...
2026-05-20 01:19:22 | INFO     | main | startup:90 | StudentSpend API server started successfully
2026-05-20 01:22:19 | INFO     | backend.logging_config | setup_logging:110 | Logging configured successfully (mode: production)
2026-05-20 01:22:19 | INFO     | main | startup:85 | Starting StudentSpend API server...
2026-05-20 01:22:19 | INFO     | main | startup:90 | StudentSpend API server started successfully
2026-05-20 01:24:13 | INFO     | backend.logging_config | setup_logging:110 | Logging configured successfully (mode: production)
2026-05-20 01:24:13 | INFO     | main | startup:88 | Starting StudentSpend API server...
2026-05-20 01:24:13 | INFO     | main | startup:93 | StudentSpend API server started successfully
2026-05-20 01:24:51 | INFO     | backend.logging_config | setup_logging:110 | Logging configured successfully (mode: production)
2026-05-20 01:24:51 | INFO     | main | startup:88 | Starting StudentSpend API server...
2026-05-20 01:24:51 | INFO     | main | startup:93 | StudentSpend API server started successfully
2026-05-20 01:25:48 | INFO     | backend.logging_config | setup_logging:110 | Logging configured successfully (mode: production)
2026-05-20 01:25:48 | INFO     | main | startup:88 | Starting StudentSpend API server...
2026-05-20 01:25:48 | INFO     | main | startup:93 | StudentSpend API server started successfully
2026-05-20 01:26:22 | INFO     | backend.logging_config | setup_logging:110 | Logging configured successfully (mode: production)
2026-05-20 01:26:22 | INFO     | main | startup:88 | Starting StudentSpend API server...
2026-05-20 01:27:01 | INFO     | backend.logging_config | setup_logging:110 | Logging configured successfully (mode: production)
2026-05-20 01:27:01 | INFO     | main | startup:88 | Starting StudentSpend API server...
2026-05-20 01:27:33 | INFO     | backend.logging_config | setup_logging:110 | Logging configured successfully (mode: production)
2026-05-20 01:27:33 | INFO     | main | startup:88 | Starting StudentSpend API server...
2026-05-20 01:28:11 | INFO     | backend.logging_config | setup_logging:110 | Logging configured successfully (mode: production)
2026-05-20 01:28:19 | INFO     | backend.logging_config | setup_logging:110 | Logging configured successfully (mode: production)
2026-05-20 01:28:19 | INFO     | backend.main | startup:88 | Starting StudentSpend API server...
2026-05-20 01:36:15 | INFO     | backend.logging_config | setup_logging:110 | Logging configured successfully (mode: production)
2026-05-20 01:36:15 | INFO     | main | startup:88 | Starting StudentSpend API server...
2026-05-25 23:42:33 | INFO     | backend.logging_config | setup_logging:110 | Logging configured successfully (mode: production)
2026-05-25 23:42:33 | INFO     | main | startup:88 | Starting StudentSpend API server...
2026-05-25 23:50:28 | INFO     | backend.logging_config | setup_logging:110 | Logging configured successfully (mode: production)
2026-05-25 23:50:28 | INFO     | main | startup:88 | Starting StudentSpend API server...
2026-05-25 23:50:28 | INFO     | main | startup:93 | StudentSpend API server started successfully
2026-05-26 00:05:14 | INFO     | backend.logging_config | setup_logging:110 | Logging configured successfully (mode: production)
2026-05-26 00:05:14 | INFO     | main | startup:88 | Starting StudentSpend API server...
2026-05-26 00:05:14 | INFO     | main | startup:93 | StudentSpend API server started successfully
2026-05-26 00:05:39 | INFO     | backend.logging_config | setup_logging:110 | Logging configured successfully (mode: production)
2026-05-26 00:05:39 | INFO     | main | startup:88 | Starting StudentSpend API server...
2026-05-26 00:05:39 | INFO     | main | startup:93 | StudentSpend API server started successfully
2026-05-26 00:05:55 | INFO     | backend.logging_config | setup_logging:110 | Logging configured successfully (mode: production)
2026-05-26 00:05:55 | INFO     | main | startup:88 | Starting StudentSpend API server...
2026-05-26 00:05:55 | INFO     | main | startup:93 | StudentSpend API server started successfully
2026-05-26 00:06:08 | INFO     | backend.logging_config | setup_logging:110 | Logging configured successfully (mode: production)
2026-05-26 00:06:08 | INFO     | main | startup:88 | Starting StudentSpend API server...
2026-05-26 00:06:08 | INFO     | main | startup:93 | StudentSpend API server started successfully
2026-05-26 00:08:08 | INFO     | access | log_requests:60 | Request started: method=OPTIONS path=/api/auth/login client=127.0.0.1
2026-05-26 00:08:08 | INFO     | access | log_requests:70 | Request completed: method=OPTIONS path=/api/auth/login status=200 duration=0.003s
2026-05-26 00:08:08 | INFO     | access | log_requests:60 | Request started: method=POST path=/api/auth/login client=127.0.0.1
2026-05-26 00:08:08 | ERROR    | backend.database | get_db:62 | Database session error: (psycopg.errors.UndefinedColumn) column users.preferred_range does not exist
LINE 1: ...word_hash, users.email_verified, users.allowance, users.pref...
                                                             ^
[SQL: SELECT users.id, users.name, users.first_name, users.last_name, users.gender, users.email, users.password_hash, users.email_verified, users.allowance, users.preferred_range, users.custom_range_start, users.custom_range_end 
FROM users 
WHERE users.email = %(email_1)s::VARCHAR]
[parameters: {'email_1': 'debbieofficial214@gmail.com'}]
(Background on this error at: https://sqlalche.me/e/20/f405)
2026-05-26 00:08:08 | ERROR    | main | log_requests:78 | Request failed: method=POST path=/api/auth/login error=(psycopg.errors.UndefinedColumn) column users.preferred_range does not exist
LINE 1: ...word_hash, users.email_verified, users.allowance, users.pref...
                                                             ^
[SQL: SELECT users.id, users.name, users.first_name, users.last_name, users.gender, users.email, users.password_hash, users.email_verified, users.allowance, users.preferred_range, users.custom_range_start, users.custom_range_end 
FROM users 
WHERE users.email = %(email_1)s::VARCHAR]
[parameters: {'email_1': 'debbieofficial214@gmail.com'}]
(Background on this error at: https://sqlalche.me/e/20/f405) duration=0.019s
Traceback (most recent call last):
  File "/Users/best/Desktop/student-expense/venv/lib/python3.14/site-packages/sqlalchemy/engine/base.py", line 1967, in _exec_single_context
    self.dialect.do_execute(
    ~~~~~~~~~~~~~~~~~~~~~~~^
        cursor, str_statement, effective_parameters, context
        ^^^^^^^^^^^^^^^^^^^^^^^^^^^^^^^^^^^^^^^^^^^^^^^^^^^^
    )
    ^
  File "/Users/best/Desktop/student-expense/venv/lib/python3.14/site-packages/sqlalchemy/engine/default.py", line 941, in do_execute
    cursor.execute(statement, parameters)
    ~~~~~~~~~~~~~~^^^^^^^^^^^^^^^^^^^^^^^
  File "/Users/best/Desktop/student-expense/venv/lib/python3.14/site-packages/psycopg/cursor.py", line 97, in execute
    raise ex.with_traceback(None)
psycopg.errors.UndefinedColumn: column users.preferred_range does not exist
LINE 1: ...word_hash, users.email_verified, users.allowance, users.pref...
                                                             ^

The above exception was the direct cause of the following exception:

Traceback (most recent call last):
  File "/Users/best/Desktop/student-expense/backend/main.py", line 66, in log_requests
    response = await call_next(request)
               ^^^^^^^^^^^^^^^^^^^^^^^^
  File "/Users/best/Desktop/student-expense/venv/lib/python3.14/site-packages/starlette/middleware/base.py", line 163, in call_next
    raise app_exc
  File "/Users/best/Desktop/student-expense/venv/lib/python3.14/site-packages/starlette/middleware/base.py", line 149, in coro
    await self.app(scope, receive_or_disconnect, send_no_error)
  File "/Users/best/Desktop/student-expense/venv/lib/python3.14/site-packages/starlette/middleware/cors.py", line 93, in __call__
    await self.simple_response(scope, receive, send, request_headers=headers)
  File "/Users/best/Desktop/student-expense/venv/lib/python3.14/site-packages/starlette/middleware/cors.py", line 144, in simple_response
    await self.app(scope, receive, send)
  File "/Users/best/Desktop/student-expense/venv/lib/python3.14/site-packages/starlette/middleware/exceptions.py", line 62, in __call__
    await wrap_app_handling_exceptions(self.app, conn)(scope, receive, send)
  File "/Users/best/Desktop/student-expense/venv/lib/python3.14/site-packages/starlette/_exception_handler.py", line 53, in wrapped_app
    raise exc
  File "/Users/best/Desktop/student-expense/venv/lib/python3.14/site-packages/starlette/_exception_handler.py", line 42, in wrapped_app
    await app(scope, receive, sender)
  File "/Users/best/Desktop/student-expense/venv/lib/python3.14/site-packages/starlette/routing.py", line 715, in __call__
    await self.middleware_stack(scope, receive, send)
  File "/Users/best/Desktop/student-expense/venv/lib/python3.14/site-packages/starlette/routing.py", line 735, in app
    await route.handle(scope, receive, send)
  File "/Users/best/Desktop/student-expense/venv/lib/python3.14/site-packages/starlette/routing.py", line 288, in handle
    await self.app(scope, receive, send)
  File "/Users/best/Desktop/student-expense/venv/lib/python3.14/site-packages/starlette/routing.py", line 76, in app
    await wrap_app_handling_exceptions(app, request)(scope, receive, send)
  File "/Users/best/Desktop/student-expense/venv/lib/python3.14/site-packages/starlette/_exception_handler.py", line 53, in wrapped_app
    raise exc
  File "/Users/best/Desktop/student-expense/venv/lib/python3.14/site-packages/starlette/_exception_handler.py", line 42, in wrapped_app
    await app(scope, receive, sender)
  File "/Users/best/Desktop/student-expense/venv/lib/python3.14/site-packages/starlette/routing.py", line 73, in app
    response = await f(request)
               ^^^^^^^^^^^^^^^^
  File "/Users/best/Desktop/student-expense/venv/lib/python3.14/site-packages/fastapi/routing.py", line 301, in app
    raw_response = await run_endpoint_function(
                   ^^^^^^^^^^^^^^^^^^^^^^^^^^^^
    ...<3 lines>...
    )
    ^
  File "/Users/best/Desktop/student-expense/venv/lib/python3.14/site-packages/fastapi/routing.py", line 214, in run_endpoint_function
    return await run_in_threadpool(dependant.call, **values)
           ^^^^^^^^^^^^^^^^^^^^^^^^^^^^^^^^^^^^^^^^^^^^^^^^^
  File "/Users/best/Desktop/student-expense/venv/lib/python3.14/site-packages/starlette/concurrency.py", line 39, in run_in_threadpool
    return await anyio.to_thread.run_sync(func, *args)
           ^^^^^^^^^^^^^^^^^^^^^^^^^^^^^^^^^^^^^^^^^^^
  File "/Users/best/Desktop/student-expense/venv/lib/python3.14/site-packages/anyio/to_thread.py", line 63, in run_sync
    return await get_async_backend().run_sync_in_worker_thread(
           ^^^^^^^^^^^^^^^^^^^^^^^^^^^^^^^^^^^^^^^^^^^^^^^^^^^^
        func, args, abandon_on_cancel=abandon_on_cancel, limiter=limiter
        ^^^^^^^^^^^^^^^^^^^^^^^^^^^^^^^^^^^^^^^^^^^^^^^^^^^^^^^^^^^^^^^^
    )
    ^
  File "/Users/best/Desktop/student-expense/venv/lib/python3.14/site-packages/anyio/_backends/_asyncio.py", line 2518, in run_sync_in_worker_thread
    return await future
           ^^^^^^^^^^^^
  File "/Users/best/Desktop/student-expense/venv/lib/python3.14/site-packages/anyio/_backends/_asyncio.py", line 1002, in run
    result = context.run(func, *args)
  File "/Users/best/Desktop/student-expense/backend/main.py", line 152, in login
    user = authenticate_user(db, payload.email, payload.password)
  File "/Users/best/Desktop/student-expense/backend/auth.py", line 104, in authenticate_user
    user = db.scalar(select(models.User).where(models.User.email == normalized_email))
  File "/Users/best/Desktop/student-expense/venv/lib/python3.14/site-packages/sqlalchemy/orm/session.py", line 2410, in scalar
    return self._execute_internal(
           ~~~~~~~~~~~~~~~~~~~~~~^
        statement,
        ^^^^^^^^^^
    ...<4 lines>...
        **kw,
        ^^^^^
    )
    ^
  File "/Users/best/Desktop/student-expense/venv/lib/python3.14/site-packages/sqlalchemy/orm/session.py", line 2247, in _execute_internal
    result: Result[Any] = compile_state_cls.orm_execute_statement(
                          ~~~~~~~~~~~~~~~~~~~~~~~~~~~~~~~~~~~~~~~^
        self,
        ^^^^^
    ...<4 lines>...
        conn,
        ^^^^^
    )
    ^
  File "/Users/best/Desktop/student-expense/venv/lib/python3.14/site-packages/sqlalchemy/orm/context.py", line 305, in orm_execute_statement
    result = conn.execute(
        statement, params or {}, execution_options=execution_options
    )
  File "/Users/best/Desktop/student-expense/venv/lib/python3.14/site-packages/sqlalchemy/engine/base.py", line 1418, in execute
    return meth(
        self,
        distilled_parameters,
        execution_options or NO_OPTIONS,
    )
  File "/Users/best/Desktop/student-expense/venv/lib/python3.14/site-packages/sqlalchemy/sql/elements.py", line 515, in _execute_on_connection
    return connection._execute_clauseelement(
           ~~~~~~~~~~~~~~~~~~~~~~~~~~~~~~~~~^
        self, distilled_params, execution_options
        ^^^^^^^^^^^^^^^^^^^^^^^^^^^^^^^^^^^^^^^^^
    )
    ^
  File "/Users/best/Desktop/student-expense/venv/lib/python3.14/site-packages/sqlalchemy/engine/base.py", line 1640, in _execute_clauseelement
    ret = self._execute_context(
        dialect,
    ...<8 lines>...
        cache_hit=cache_hit,
    )
  File "/Users/best/Desktop/student-expense/venv/lib/python3.14/site-packages/sqlalchemy/engine/base.py", line 1846, in _execute_context
    return self._exec_single_context(
           ~~~~~~~~~~~~~~~~~~~~~~~~~^
        dialect, context, statement, parameters
        ^^^^^^^^^^^^^^^^^^^^^^^^^^^^^^^^^^^^^^^
    )
    ^
  File "/Users/best/Desktop/student-expense/venv/lib/python3.14/site-packages/sqlalchemy/engine/base.py", line 1986, in _exec_single_context
    self._handle_dbapi_exception(
    ~~~~~~~~~~~~~~~~~~~~~~~~~~~~^
        e, str_statement, effective_parameters, cursor, context
        ^^^^^^^^^^^^^^^^^^^^^^^^^^^^^^^^^^^^^^^^^^^^^^^^^^^^^^^
    )
    ^
  File "/Users/best/Desktop/student-expense/venv/lib/python3.14/site-packages/sqlalchemy/engine/base.py", line 2355, in _handle_dbapi_exception
    raise sqlalchemy_exception.with_traceback(exc_info[2]) from e
  File "/Users/best/Desktop/student-expense/venv/lib/python3.14/site-packages/sqlalchemy/engine/base.py", line 1967, in _exec_single_context
    self.dialect.do_execute(
    ~~~~~~~~~~~~~~~~~~~~~~~^
        cursor, str_statement, effective_parameters, context
        ^^^^^^^^^^^^^^^^^^^^^^^^^^^^^^^^^^^^^^^^^^^^^^^^^^^^
    )
    ^
  File "/Users/best/Desktop/student-expense/venv/lib/python3.14/site-packages/sqlalchemy/engine/default.py", line 941, in do_execute
    cursor.execute(statement, parameters)
    ~~~~~~~~~~~~~~^^^^^^^^^^^^^^^^^^^^^^^
  File "/Users/best/Desktop/student-expense/venv/lib/python3.14/site-packages/psycopg/cursor.py", line 97, in execute
    raise ex.with_traceback(None)
sqlalchemy.exc.ProgrammingError: (psycopg.errors.UndefinedColumn) column users.preferred_range does not exist
LINE 1: ...word_hash, users.email_verified, users.allowance, users.pref...
                                                             ^
[SQL: SELECT users.id, users.name, users.first_name, users.last_name, users.gender, users.email, users.password_hash, users.email_verified, users.allowance, users.preferred_range, users.custom_range_start, users.custom_range_end 
FROM users 
WHERE users.email = %(email_1)s::VARCHAR]
[parameters: {'email_1': 'debbieofficial214@gmail.com'}]
(Background on this error at: https://sqlalche.me/e/20/f405)
2026-05-26 00:08:19 | INFO     | access | log_requests:60 | Request started: method=POST path=/api/auth/login client=127.0.0.1
2026-05-26 00:08:19 | ERROR    | backend.database | get_db:62 | Database session error: (psycopg.errors.UndefinedColumn) column users.preferred_range does not exist
LINE 1: ...word_hash, users.email_verified, users.allowance, users.pref...
                                                             ^
[SQL: SELECT users.id, users.name, users.first_name, users.last_name, users.gender, users.email, users.password_hash, users.email_verified, users.allowance, users.preferred_range, users.custom_range_start, users.custom_range_end 
FROM users 
WHERE users.email = %(email_1)s::VARCHAR]
[parameters: {'email_1': 'debbieofficial214@gmail.com'}]
(Background on this error at: https://sqlalche.me/e/20/f405)
2026-05-26 00:08:19 | ERROR    | main | log_requests:78 | Request failed: method=POST path=/api/auth/login error=(psycopg.errors.UndefinedColumn) column users.preferred_range does not exist
LINE 1: ...word_hash, users.email_verified, users.allowance, users.pref...
                                                             ^
[SQL: SELECT users.id, users.name, users.first_name, users.last_name, users.gender, users.email, users.password_hash, users.email_verified, users.allowance, users.preferred_range, users.custom_range_start, users.custom_range_end 
FROM users 
WHERE users.email = %(email_1)s::VARCHAR]
[parameters: {'email_1': 'debbieofficial214@gmail.com'}]
(Background on this error at: https://sqlalche.me/e/20/f405) duration=0.019s
Traceback (most recent call last):
  File "/Users/best/Desktop/student-expense/venv/lib/python3.14/site-packages/sqlalchemy/engine/base.py", line 1967, in _exec_single_context
    self.dialect.do_execute(
    ~~~~~~~~~~~~~~~~~~~~~~~^
        cursor, str_statement, effective_parameters, context
        ^^^^^^^^^^^^^^^^^^^^^^^^^^^^^^^^^^^^^^^^^^^^^^^^^^^^
    )
    ^
  File "/Users/best/Desktop/student-expense/venv/lib/python3.14/site-packages/sqlalchemy/engine/default.py", line 941, in do_execute
    cursor.execute(statement, parameters)
    ~~~~~~~~~~~~~~^^^^^^^^^^^^^^^^^^^^^^^
  File "/Users/best/Desktop/student-expense/venv/lib/python3.14/site-packages/psycopg/cursor.py", line 97, in execute
    raise ex.with_traceback(None)
psycopg.errors.UndefinedColumn: column users.preferred_range does not exist
LINE 1: ...word_hash, users.email_verified, users.allowance, users.pref...
                                                             ^

The above exception was the direct cause of the following exception:

Traceback (most recent call last):
  File "/Users/best/Desktop/student-expense/backend/main.py", line 66, in log_requests
    response = await call_next(request)
               ^^^^^^^^^^^^^^^^^^^^^^^^
  File "/Users/best/Desktop/student-expense/venv/lib/python3.14/site-packages/starlette/middleware/base.py", line 163, in call_next
    raise app_exc
  File "/Users/best/Desktop/student-expense/venv/lib/python3.14/site-packages/starlette/middleware/base.py", line 149, in coro
    await self.app(scope, receive_or_disconnect, send_no_error)
  File "/Users/best/Desktop/student-expense/venv/lib/python3.14/site-packages/starlette/middleware/cors.py", line 93, in __call__
    await self.simple_response(scope, receive, send, request_headers=headers)
  File "/Users/best/Desktop/student-expense/venv/lib/python3.14/site-packages/starlette/middleware/cors.py", line 144, in simple_response
    await self.app(scope, receive, send)
  File "/Users/best/Desktop/student-expense/venv/lib/python3.14/site-packages/starlette/middleware/exceptions.py", line 62, in __call__
    await wrap_app_handling_exceptions(self.app, conn)(scope, receive, send)
  File "/Users/best/Desktop/student-expense/venv/lib/python3.14/site-packages/starlette/_exception_handler.py", line 53, in wrapped_app
    raise exc
  File "/Users/best/Desktop/student-expense/venv/lib/python3.14/site-packages/starlette/_exception_handler.py", line 42, in wrapped_app
    await app(scope, receive, sender)
  File "/Users/best/Desktop/student-expense/venv/lib/python3.14/site-packages/starlette/routing.py", line 715, in __call__
    await self.middleware_stack(scope, receive, send)
  File "/Users/best/Desktop/student-expense/venv/lib/python3.14/site-packages/starlette/routing.py", line 735, in app
    await route.handle(scope, receive, send)
  File "/Users/best/Desktop/student-expense/venv/lib/python3.14/site-packages/starlette/routing.py", line 288, in handle
    await self.app(scope, receive, send)
  File "/Users/best/Desktop/student-expense/venv/lib/python3.14/site-packages/starlette/routing.py", line 76, in app
    await wrap_app_handling_exceptions(app, request)(scope, receive, send)
  File "/Users/best/Desktop/student-expense/venv/lib/python3.14/site-packages/starlette/_exception_handler.py", line 53, in wrapped_app
    raise exc
  File "/Users/best/Desktop/student-expense/venv/lib/python3.14/site-packages/starlette/_exception_handler.py", line 42, in wrapped_app
    await app(scope, receive, sender)
  File "/Users/best/Desktop/student-expense/venv/lib/python3.14/site-packages/starlette/routing.py", line 73, in app
    response = await f(request)
               ^^^^^^^^^^^^^^^^
  File "/Users/best/Desktop/student-expense/venv/lib/python3.14/site-packages/fastapi/routing.py", line 301, in app
    raw_response = await run_endpoint_function(
                   ^^^^^^^^^^^^^^^^^^^^^^^^^^^^
    ...<3 lines>...
    )
    ^
  File "/Users/best/Desktop/student-expense/venv/lib/python3.14/site-packages/fastapi/routing.py", line 214, in run_endpoint_function
    return await run_in_threadpool(dependant.call, **values)
           ^^^^^^^^^^^^^^^^^^^^^^^^^^^^^^^^^^^^^^^^^^^^^^^^^
  File "/Users/best/Desktop/student-expense/venv/lib/python3.14/site-packages/starlette/concurrency.py", line 39, in run_in_threadpool
    return await anyio.to_thread.run_sync(func, *args)
           ^^^^^^^^^^^^^^^^^^^^^^^^^^^^^^^^^^^^^^^^^^^
  File "/Users/best/Desktop/student-expense/venv/lib/python3.14/site-packages/anyio/to_thread.py", line 63, in run_sync
    return await get_async_backend().run_sync_in_worker_thread(
           ^^^^^^^^^^^^^^^^^^^^^^^^^^^^^^^^^^^^^^^^^^^^^^^^^^^^
        func, args, abandon_on_cancel=abandon_on_cancel, limiter=limiter
        ^^^^^^^^^^^^^^^^^^^^^^^^^^^^^^^^^^^^^^^^^^^^^^^^^^^^^^^^^^^^^^^^
    )
    ^
  File "/Users/best/Desktop/student-expense/venv/lib/python3.14/site-packages/anyio/_backends/_asyncio.py", line 2518, in run_sync_in_worker_thread
    return await future
           ^^^^^^^^^^^^
  File "/Users/best/Desktop/student-expense/venv/lib/python3.14/site-packages/anyio/_backends/_asyncio.py", line 1002, in run
    result = context.run(func, *args)
  File "/Users/best/Desktop/student-expense/backend/main.py", line 152, in login
    user = authenticate_user(db, payload.email, payload.password)
  File "/Users/best/Desktop/student-expense/backend/auth.py", line 104, in authenticate_user
    user = db.scalar(select(models.User).where(models.User.email == normalized_email))
  File "/Users/best/Desktop/student-expense/venv/lib/python3.14/site-packages/sqlalchemy/orm/session.py", line 2410, in scalar
    return self._execute_internal(
           ~~~~~~~~~~~~~~~~~~~~~~^
        statement,
        ^^^^^^^^^^
    ...<4 lines>...
        **kw,
        ^^^^^
    )
    ^
  File "/Users/best/Desktop/student-expense/venv/lib/python3.14/site-packages/sqlalchemy/orm/session.py", line 2247, in _execute_internal
    result: Result[Any] = compile_state_cls.orm_execute_statement(
                          ~~~~~~~~~~~~~~~~~~~~~~~~~~~~~~~~~~~~~~~^
        self,
        ^^^^^
    ...<4 lines>...
        conn,
        ^^^^^
    )
    ^
  File "/Users/best/Desktop/student-expense/venv/lib/python3.14/site-packages/sqlalchemy/orm/context.py", line 305, in orm_execute_statement
    result = conn.execute(
        statement, params or {}, execution_options=execution_options
    )
  File "/Users/best/Desktop/student-expense/venv/lib/python3.14/site-packages/sqlalchemy/engine/base.py", line 1418, in execute
    return meth(
        self,
        distilled_parameters,
        execution_options or NO_OPTIONS,
    )
  File "/Users/best/Desktop/student-expense/venv/lib/python3.14/site-packages/sqlalchemy/sql/elements.py", line 515, in _execute_on_connection
    return connection._execute_clauseelement(
           ~~~~~~~~~~~~~~~~~~~~~~~~~~~~~~~~~^
        self, distilled_params, execution_options
        ^^^^^^^^^^^^^^^^^^^^^^^^^^^^^^^^^^^^^^^^^
    )
    ^
  File "/Users/best/Desktop/student-expense/venv/lib/python3.14/site-packages/sqlalchemy/engine/base.py", line 1640, in _execute_clauseelement
    ret = self._execute_context(
        dialect,
    ...<8 lines>...
        cache_hit=cache_hit,
    )
  File "/Users/best/Desktop/student-expense/venv/lib/python3.14/site-packages/sqlalchemy/engine/base.py", line 1846, in _execute_context
    return self._exec_single_context(
           ~~~~~~~~~~~~~~~~~~~~~~~~~^
        dialect, context, statement, parameters
        ^^^^^^^^^^^^^^^^^^^^^^^^^^^^^^^^^^^^^^^
    )
    ^
  File "/Users/best/Desktop/student-expense/venv/lib/python3.14/site-packages/sqlalchemy/engine/base.py", line 1986, in _exec_single_context
    self._handle_dbapi_exception(
    ~~~~~~~~~~~~~~~~~~~~~~~~~~~~^
        e, str_statement, effective_parameters, cursor, context
        ^^^^^^^^^^^^^^^^^^^^^^^^^^^^^^^^^^^^^^^^^^^^^^^^^^^^^^^
    )
    ^
  File "/Users/best/Desktop/student-expense/venv/lib/python3.14/site-packages/sqlalchemy/engine/base.py", line 2355, in _handle_dbapi_exception
    raise sqlalchemy_exception.with_traceback(exc_info[2]) from e
  File "/Users/best/Desktop/student-expense/venv/lib/python3.14/site-packages/sqlalchemy/engine/base.py", line 1967, in _exec_single_context
    self.dialect.do_execute(
    ~~~~~~~~~~~~~~~~~~~~~~~^
        cursor, str_statement, effective_parameters, context
        ^^^^^^^^^^^^^^^^^^^^^^^^^^^^^^^^^^^^^^^^^^^^^^^^^^^^
    )
    ^
  File "/Users/best/Desktop/student-expense/venv/lib/python3.14/site-packages/sqlalchemy/engine/default.py", line 941, in do_execute
    cursor.execute(statement, parameters)
    ~~~~~~~~~~~~~~^^^^^^^^^^^^^^^^^^^^^^^
  File "/Users/best/Desktop/student-expense/venv/lib/python3.14/site-packages/psycopg/cursor.py", line 97, in execute
    raise ex.with_traceback(None)
sqlalchemy.exc.ProgrammingError: (psycopg.errors.UndefinedColumn) column users.preferred_range does not exist
LINE 1: ...word_hash, users.email_verified, users.allowance, users.pref...
                                                             ^
[SQL: SELECT users.id, users.name, users.first_name, users.last_name, users.gender, users.email, users.password_hash, users.email_verified, users.allowance, users.preferred_range, users.custom_range_start, users.custom_range_end 
FROM users 
WHERE users.email = %(email_1)s::VARCHAR]
[parameters: {'email_1': 'debbieofficial214@gmail.com'}]
(Background on this error at: https://sqlalche.me/e/20/f405)
2026-05-26 00:08:46 | INFO     | backend.logging_config | setup_logging:110 | Logging configured successfully (mode: production)
2026-05-26 00:08:46 | INFO     | main | startup:88 | Starting StudentSpend API server...
2026-05-26 00:09:01 | INFO     | backend.logging_config | setup_logging:110 | Logging configured successfully (mode: production)
2026-05-26 00:09:01 | INFO     | main | startup:88 | Starting StudentSpend API server...
2026-05-26 00:09:02 | INFO     | main | startup:94 | StudentSpend API server started successfully
2026-05-26 00:09:41 | INFO     | access | log_requests:60 | Request started: method=POST path=/api/auth/login client=127.0.0.1
2026-05-26 00:09:41 | INFO     | backend.auth | authenticate_user:120 | User authenticated successfully: user_id=1, email=debbieofficial214@gmail.com
2026-05-26 00:09:41 | INFO     | main | login:160 | Login successful: user_id=1, email=debbieofficial214@gmail.com, ip=127.0.0.1
2026-05-26 00:09:41 | INFO     | access | log_requests:70 | Request completed: method=POST path=/api/auth/login status=200 duration=0.404s
2026-05-26 00:09:41 | INFO     | access | log_requests:60 | Request started: method=OPTIONS path=/api/state client=127.0.0.1
2026-05-26 00:09:41 | INFO     | access | log_requests:70 | Request completed: method=OPTIONS path=/api/state status=200 duration=0.003s
2026-05-26 00:09:41 | INFO     | access | log_requests:60 | Request started: method=GET path=/api/state client=127.0.0.1
2026-05-26 00:09:41 | INFO     | access | log_requests:70 | Request completed: method=GET path=/api/state status=200 duration=0.030s
2026-05-26 00:15:16 | INFO     | access | log_requests:60 | Request started: method=POST path=/api/auth/login client=127.0.0.1
2026-05-26 00:15:16 | INFO     | backend.auth | authenticate_user:120 | User authenticated successfully: user_id=1, email=debbieofficial214@gmail.com
2026-05-26 00:15:16 | INFO     | main | login:160 | Login successful: user_id=1, email=debbieofficial214@gmail.com, ip=127.0.0.1
2026-05-26 00:15:16 | INFO     | access | log_requests:70 | Request completed: method=POST path=/api/auth/login status=200 duration=0.410s
2026-05-26 00:15:16 | INFO     | access | log_requests:60 | Request started: method=GET path=/api/state client=127.0.0.1
2026-05-26 00:15:16 | INFO     | access | log_requests:70 | Request completed: method=GET path=/api/state status=200 duration=0.012s
2026-05-26 00:15:20 | INFO     | access | log_requests:60 | Request started: method=OPTIONS path=/api/expenses client=127.0.0.1
2026-05-26 00:15:20 | INFO     | access | log_requests:70 | Request completed: method=OPTIONS path=/api/expenses status=200 duration=0.001s
2026-05-26 00:15:20 | INFO     | access | log_requests:60 | Request started: method=POST path=/api/expenses client=127.0.0.1
2026-05-26 00:15:20 | INFO     | access | log_requests:70 | Request completed: method=POST path=/api/expenses status=422 duration=0.014s
2026-05-26 00:19:23 | INFO     | access | log_requests:60 | Request started: method=OPTIONS path=/api/auth/login client=127.0.0.1
2026-05-26 00:19:23 | INFO     | access | log_requests:70 | Request completed: method=OPTIONS path=/api/auth/login status=200 duration=0.004s
2026-05-26 00:19:23 | INFO     | access | log_requests:60 | Request started: method=POST path=/api/auth/login client=127.0.0.1
2026-05-26 00:19:23 | INFO     | backend.auth | authenticate_user:120 | User authenticated successfully: user_id=1, email=debbieofficial214@gmail.com
2026-05-26 00:19:23 | INFO     | main | login:160 | Login successful: user_id=1, email=debbieofficial214@gmail.com, ip=127.0.0.1
2026-05-26 00:19:23 | INFO     | access | log_requests:70 | Request completed: method=POST path=/api/auth/login status=200 duration=0.408s
2026-05-26 00:19:23 | INFO     | access | log_requests:60 | Request started: method=GET path=/api/state client=127.0.0.1
2026-05-26 00:19:23 | INFO     | access | log_requests:70 | Request completed: method=GET path=/api/state status=200 duration=0.005s
2026-05-26 00:19:26 | INFO     | access | log_requests:60 | Request started: method=POST path=/api/expenses client=127.0.0.1
2026-05-26 00:19:26 | INFO     | access | log_requests:70 | Request completed: method=POST path=/api/expenses status=422 duration=0.008s
2026-05-26 00:21:24 | INFO     | backend.logging_config | setup_logging:110 | Logging configured successfully (mode: production)
2026-05-26 00:21:24 | INFO     | main | startup:88 | Starting StudentSpend API server...
2026-05-26 00:21:25 | INFO     | main | startup:94 | StudentSpend API server started successfully
2026-05-26 00:21:38 | INFO     | access | log_requests:60 | Request started: method=POST path=/api/auth/login client=127.0.0.1
2026-05-26 00:21:39 | WARNING  | backend.auth | authenticate_user:111 | Authentication failed: invalid password for email=debbieofficial214@gmail.com
2026-05-26 00:21:39 | WARNING  | security | login:156 | Failed login attempt: email=debbieofficial214@gmail.com, ip=127.0.0.1
2026-05-26 00:21:39 | ERROR    | backend.database | get_db:62 | Database session error: 401: Invalid email or password
2026-05-26 00:21:39 | INFO     | access | log_requests:70 | Request completed: method=POST path=/api/auth/login status=401 duration=0.400s
2026-05-26 00:21:44 | INFO     | access | log_requests:60 | Request started: method=POST path=/api/auth/login client=127.0.0.1
2026-05-26 00:21:45 | INFO     | backend.auth | authenticate_user:120 | User authenticated successfully: user_id=1, email=debbieofficial214@gmail.com
2026-05-26 00:21:45 | INFO     | main | login:160 | Login successful: user_id=1, email=debbieofficial214@gmail.com, ip=127.0.0.1
2026-05-26 00:21:45 | INFO     | access | log_requests:70 | Request completed: method=POST path=/api/auth/login status=200 duration=0.446s
2026-05-26 00:21:45 | INFO     | access | log_requests:60 | Request started: method=OPTIONS path=/api/state client=127.0.0.1
2026-05-26 00:21:45 | INFO     | access | log_requests:70 | Request completed: method=OPTIONS path=/api/state status=200 duration=0.000s
2026-05-26 00:21:45 | INFO     | access | log_requests:60 | Request started: method=GET path=/api/state client=127.0.0.1
2026-05-26 00:21:45 | INFO     | access | log_requests:70 | Request completed: method=GET path=/api/state status=200 duration=0.009s
2026-05-26 00:21:56 | INFO     | access | log_requests:60 | Request started: method=POST path=/api/expenses client=127.0.0.1
2026-05-26 00:21:56 | INFO     | main | create_expense:264 | Expense created: expense_id=1, user_id=1, name=transport, amount=40
2026-05-26 00:21:56 | INFO     | access | log_requests:70 | Request completed: method=POST path=/api/expenses status=201 duration=0.016s
2026-05-26 00:22:29 | INFO     | access | log_requests:60 | Request started: method=POST path=/api/expenses client=127.0.0.1
2026-05-26 00:22:29 | INFO     | main | create_expense:264 | Expense created: expense_id=2, user_id=1, name=lunch, amount=89
2026-05-26 00:22:29 | INFO     | access | log_requests:70 | Request completed: method=POST path=/api/expenses status=201 duration=0.012s
2026-05-26 00:23:24 | INFO     | access | log_requests:60 | Request started: method=POST path=/api/expenses client=127.0.0.1
2026-05-26 00:23:24 | INFO     | main | create_expense:264 | Expense created: expense_id=3, user_id=1, name=house fee, amount=30
2026-05-26 00:23:24 | INFO     | access | log_requests:70 | Request completed: method=POST path=/api/expenses status=201 duration=0.016s
2026-05-26 00:23:50 | INFO     | access | log_requests:60 | Request started: method=POST path=/api/expenses client=127.0.0.1
2026-05-26 00:23:50 | INFO     | main | create_expense:264 | Expense created: expense_id=4, user_id=1, name=healthcare, amount=100
2026-05-26 00:23:50 | INFO     | access | log_requests:70 | Request completed: method=POST path=/api/expenses status=201 duration=0.016s
2026-05-26 00:24:04 | INFO     | access | log_requests:60 | Request started: method=OPTIONS path=/api/expenses client=127.0.0.1
2026-05-26 00:24:04 | INFO     | access | log_requests:70 | Request completed: method=OPTIONS path=/api/expenses status=200 duration=0.001s
2026-05-26 00:24:04 | INFO     | access | log_requests:60 | Request started: method=GET path=/api/expenses client=127.0.0.1
2026-05-26 00:24:04 | INFO     | access | log_requests:70 | Request completed: method=GET path=/api/expenses status=200 duration=0.016s
2026-05-26 00:24:08 | INFO     | access | log_requests:60 | Request started: method=GET path=/api/expenses client=127.0.0.1
2026-05-26 00:24:08 | INFO     | access | log_requests:70 | Request completed: method=GET path=/api/expenses status=200 duration=0.011s
2026-05-26 00:24:16 | INFO     | access | log_requests:60 | Request started: method=OPTIONS path=/api/expenses client=127.0.0.1
2026-05-26 00:24:16 | INFO     | access | log_requests:70 | Request completed: method=OPTIONS path=/api/expenses status=200 duration=0.001s
2026-05-26 00:24:16 | INFO     | access | log_requests:60 | Request started: method=GET path=/api/expenses client=127.0.0.1
2026-05-26 00:24:16 | INFO     | access | log_requests:70 | Request completed: method=GET path=/api/expenses status=200 duration=0.012s
2026-05-26 00:30:07 | INFO     | access | log_requests:60 | Request started: method=OPTIONS path=/api/auth/login client=127.0.0.1
2026-05-26 00:30:07 | INFO     | access | log_requests:70 | Request completed: method=OPTIONS path=/api/auth/login status=200 duration=0.003s
2026-05-26 00:30:07 | INFO     | access | log_requests:60 | Request started: method=POST path=/api/auth/login client=127.0.0.1
2026-05-26 00:30:07 | INFO     | backend.auth | authenticate_user:120 | User authenticated successfully: user_id=1, email=debbieofficial214@gmail.com
2026-05-26 00:30:07 | INFO     | main | login:160 | Login successful: user_id=1, email=debbieofficial214@gmail.com, ip=127.0.0.1
2026-05-26 00:30:07 | INFO     | access | log_requests:70 | Request completed: method=POST path=/api/auth/login status=200 duration=0.408s
2026-05-26 00:30:07 | INFO     | access | log_requests:60 | Request started: method=GET path=/api/state client=127.0.0.1
2026-05-26 00:30:07 | INFO     | access | log_requests:70 | Request completed: method=GET path=/api/state status=200 duration=0.006s
2026-05-26 00:32:55 | INFO     | access | log_requests:60 | Request started: method=OPTIONS path=/api/goal client=127.0.0.1
2026-05-26 00:32:55 | INFO     | access | log_requests:70 | Request completed: method=OPTIONS path=/api/goal status=200 duration=0.002s
2026-05-26 00:32:55 | INFO     | access | log_requests:60 | Request started: method=PUT path=/api/goal client=127.0.0.1
2026-05-26 00:32:55 | INFO     | access | log_requests:70 | Request completed: method=PUT path=/api/goal status=200 duration=0.022s
2026-05-26 00:32:56 | INFO     | access | log_requests:60 | Request started: method=PUT path=/api/goal client=127.0.0.1
2026-05-26 00:32:57 | INFO     | access | log_requests:70 | Request completed: method=PUT path=/api/goal status=200 duration=0.006s
2026-05-26 00:32:58 | INFO     | access | log_requests:60 | Request started: method=PUT path=/api/goal client=127.0.0.1
2026-05-26 00:32:58 | INFO     | access | log_requests:70 | Request completed: method=PUT path=/api/goal status=200 duration=0.011s
2026-05-26 00:44:34 | INFO     | access | log_requests:60 | Request started: method=OPTIONS path=/api/auth/login client=127.0.0.1
2026-05-26 00:44:34 | INFO     | access | log_requests:70 | Request completed: method=OPTIONS path=/api/auth/login status=200 duration=0.003s
2026-05-26 00:44:34 | INFO     | access | log_requests:60 | Request started: method=POST path=/api/auth/login client=127.0.0.1
2026-05-26 00:44:35 | INFO     | backend.auth | authenticate_user:120 | User authenticated successfully: user_id=1, email=debbieofficial214@gmail.com
2026-05-26 00:44:35 | INFO     | main | login:160 | Login successful: user_id=1, email=debbieofficial214@gmail.com, ip=127.0.0.1
2026-05-26 00:44:35 | INFO     | access | log_requests:70 | Request completed: method=POST path=/api/auth/login status=200 duration=0.407s
2026-05-26 00:44:35 | INFO     | access | log_requests:60 | Request started: method=OPTIONS path=/api/state client=127.0.0.1
2026-05-26 00:44:35 | INFO     | access | log_requests:70 | Request completed: method=OPTIONS path=/api/state status=200 duration=0.000s
2026-05-26 00:44:35 | INFO     | access | log_requests:60 | Request started: method=GET path=/api/state client=127.0.0.1
2026-05-26 00:44:35 | INFO     | access | log_requests:70 | Request completed: method=GET path=/api/state status=200 duration=0.006s
2026-05-26 00:51:32 | INFO     | backend.logging_config | setup_logging:110 | Logging configured successfully (mode: production)
2026-05-26 00:51:32 | INFO     | backend.main | startup:88 | Starting StudentSpend API server...
2026-05-26 00:51:42 | INFO     | backend.logging_config | setup_logging:110 | Logging configured successfully (mode: production)
2026-05-26 00:51:42 | INFO     | backend.main | startup:88 | Starting StudentSpend API server...
2026-05-26 00:51:43 | INFO     | backend.main | startup:94 | StudentSpend API server started successfully
2026-05-26 00:52:35 | INFO     | access | log_requests:60 | Request started: method=GET path=/health client=127.0.0.1
2026-05-26 00:52:35 | INFO     | access | log_requests:70 | Request completed: method=GET path=/health status=200 duration=0.003s
2026-05-26 00:52:59 | INFO     | access | log_requests:60 | Request started: method=POST path=/api/auth/login client=127.0.0.1
2026-05-26 00:53:00 | INFO     | backend.auth | authenticate_user:120 | User authenticated successfully: user_id=1, email=debbieofficial214@gmail.com
2026-05-26 00:53:00 | INFO     | main | login:160 | Login successful: user_id=1, email=debbieofficial214@gmail.com, ip=127.0.0.1
2026-05-26 00:53:00 | INFO     | access | log_requests:70 | Request completed: method=POST path=/api/auth/login status=200 duration=0.409s
2026-05-26 00:53:00 | INFO     | access | log_requests:60 | Request started: method=GET path=/api/state client=127.0.0.1
2026-05-26 00:53:00 | INFO     | access | log_requests:70 | Request completed: method=GET path=/api/state status=200 duration=0.007s
2026-05-26 00:53:05 | INFO     | access | log_requests:60 | Request started: method=OPTIONS path=/api/goal client=127.0.0.1
2026-05-26 00:53:05 | INFO     | access | log_requests:70 | Request completed: method=OPTIONS path=/api/goal status=200 duration=0.000s
2026-05-26 00:53:05 | INFO     | access | log_requests:60 | Request started: method=PUT path=/api/goal client=127.0.0.1
2026-05-26 00:53:05 | INFO     | access | log_requests:70 | Request completed: method=PUT path=/api/goal status=200 duration=0.007s
2026-05-26 00:53:09 | INFO     | access | log_requests:60 | Request started: method=PUT path=/api/goal client=127.0.0.1
2026-05-26 00:53:09 | INFO     | access | log_requests:70 | Request completed: method=PUT path=/api/goal status=200 duration=0.025s
2026-05-26 00:53:10 | INFO     | access | log_requests:60 | Request started: method=PUT path=/api/goal client=127.0.0.1
2026-05-26 00:53:10 | INFO     | access | log_requests:70 | Request completed: method=PUT path=/api/goal status=200 duration=0.012s
2026-05-26 00:53:25 | INFO     | access | log_requests:60 | Request started: method=OPTIONS path=/api/expenses client=127.0.0.1
2026-05-26 00:53:25 | INFO     | access | log_requests:70 | Request completed: method=OPTIONS path=/api/expenses status=200 duration=0.001s
2026-05-26 00:53:25 | INFO     | access | log_requests:60 | Request started: method=GET path=/api/expenses client=127.0.0.1
2026-05-26 00:53:25 | INFO     | access | log_requests:70 | Request completed: method=GET path=/api/expenses status=200 duration=0.010s
2026-05-26 00:53:26 | INFO     | access | log_requests:60 | Request started: method=GET path=/api/expenses client=127.0.0.1
2026-05-26 00:53:26 | INFO     | access | log_requests:70 | Request completed: method=GET path=/api/expenses status=200 duration=0.010s
2026-05-26 00:53:26 | INFO     | access | log_requests:60 | Request started: method=GET path=/api/expenses client=127.0.0.1
2026-05-26 00:53:26 | INFO     | access | log_requests:70 | Request completed: method=GET path=/api/expenses status=200 duration=0.012s
2026-05-26 00:53:27 | INFO     | access | log_requests:60 | Request started: method=OPTIONS path=/api/expenses client=127.0.0.1
2026-05-26 00:53:27 | INFO     | access | log_requests:70 | Request completed: method=OPTIONS path=/api/expenses status=200 duration=0.001s
2026-05-26 00:53:27 | INFO     | access | log_requests:60 | Request started: method=GET path=/api/expenses client=127.0.0.1
2026-05-26 00:53:27 | INFO     | access | log_requests:70 | Request completed: method=GET path=/api/expenses status=200 duration=0.010s
2026-05-26 00:53:31 | INFO     | access | log_requests:60 | Request started: method=OPTIONS path=/api/expenses client=127.0.0.1
2026-05-26 00:53:31 | INFO     | access | log_requests:70 | Request completed: method=OPTIONS path=/api/expenses status=200 duration=0.001s
2026-05-26 00:53:31 | INFO     | access | log_requests:60 | Request started: method=GET path=/api/expenses client=127.0.0.1
2026-05-26 00:53:31 | INFO     | access | log_requests:70 | Request completed: method=GET path=/api/expenses status=200 duration=0.009s
2026-05-26 00:53:32 | INFO     | access | log_requests:60 | Request started: method=GET path=/api/expenses client=127.0.0.1
2026-05-26 00:53:32 | INFO     | access | log_requests:70 | Request completed: method=GET path=/api/expenses status=200 duration=0.009s
2026-05-26 00:53:38 | INFO     | access | log_requests:60 | Request started: method=OPTIONS path=/api/expenses client=127.0.0.1
2026-05-26 00:53:38 | INFO     | access | log_requests:70 | Request completed: method=OPTIONS path=/api/expenses status=200 duration=0.001s
2026-05-26 00:53:38 | INFO     | access | log_requests:60 | Request started: method=GET path=/api/expenses client=127.0.0.1
2026-05-26 00:53:38 | INFO     | access | log_requests:70 | Request completed: method=GET path=/api/expenses status=200 duration=0.008s
2026-05-26 00:53:46 | INFO     | access | log_requests:60 | Request started: method=OPTIONS path=/api/expenses client=127.0.0.1
2026-05-26 00:53:46 | INFO     | access | log_requests:70 | Request completed: method=OPTIONS path=/api/expenses status=200 duration=0.002s
2026-05-26 00:53:46 | INFO     | access | log_requests:60 | Request started: method=GET path=/api/expenses client=127.0.0.1
2026-05-26 00:53:46 | INFO     | access | log_requests:70 | Request completed: method=GET path=/api/expenses status=200 duration=0.009s
2026-05-26 00:53:51 | INFO     | access | log_requests:60 | Request started: method=OPTIONS path=/api/expenses client=127.0.0.1
2026-05-26 00:53:51 | INFO     | access | log_requests:70 | Request completed: method=OPTIONS path=/api/expenses status=200 duration=0.001s
2026-05-26 00:53:51 | INFO     | access | log_requests:60 | Request started: method=GET path=/api/expenses client=127.0.0.1
2026-05-26 00:53:51 | INFO     | access | log_requests:70 | Request completed: method=GET path=/api/expenses status=200 duration=0.010s
2026-05-26 00:53:56 | INFO     | access | log_requests:60 | Request started: method=OPTIONS path=/api/expenses client=127.0.0.1
2026-05-26 00:53:56 | INFO     | access | log_requests:70 | Request completed: method=OPTIONS path=/api/expenses status=200 duration=0.002s
2026-05-26 00:53:56 | INFO     | access | log_requests:60 | Request started: method=GET path=/api/expenses client=127.0.0.1
2026-05-26 00:53:56 | INFO     | access | log_requests:70 | Request completed: method=GET path=/api/expenses status=200 duration=0.008s
2026-05-26 00:53:57 | INFO     | access | log_requests:60 | Request started: method=GET path=/api/expenses client=127.0.0.1
2026-05-26 00:53:57 | INFO     | access | log_requests:70 | Request completed: method=GET path=/api/expenses status=200 duration=0.010s
2026-05-26 00:53:57 | INFO     | access | log_requests:60 | Request started: method=GET path=/api/expenses client=127.0.0.1
2026-05-26 00:53:57 | INFO     | access | log_requests:70 | Request completed: method=GET path=/api/expenses status=200 duration=0.011s
2026-05-26 00:53:58 | INFO     | access | log_requests:60 | Request started: method=GET path=/api/expenses client=127.0.0.1
2026-05-26 00:53:58 | INFO     | access | log_requests:70 | Request completed: method=GET path=/api/expenses status=200 duration=0.012s
2026-05-26 00:53:58 | INFO     | access | log_requests:60 | Request started: method=GET path=/api/expenses client=127.0.0.1
2026-05-26 00:53:58 | INFO     | access | log_requests:70 | Request completed: method=GET path=/api/expenses status=200 duration=0.011s
2026-05-26 00:55:07 | INFO     | backend.logging_config | setup_logging:110 | Logging configured successfully (mode: production)
2026-05-26 00:55:07 | INFO     | main | startup:88 | Starting StudentSpend API server...
2026-05-26 00:55:07 | INFO     | main | startup:94 | StudentSpend API server started successfully
2026-05-26 00:55:14 | INFO     | backend.logging_config | setup_logging:110 | Logging configured successfully (mode: production)
2026-05-26 00:55:14 | INFO     | main | startup:88 | Starting StudentSpend API server...
2026-05-26 00:55:14 | INFO     | main | startup:94 | StudentSpend API server started successfully
2026-05-26 01:03:24 | INFO     | access | log_requests:60 | Request started: method=OPTIONS path=/api/auth/login client=127.0.0.1
2026-05-26 01:03:24 | INFO     | access | log_requests:70 | Request completed: method=OPTIONS path=/api/auth/login status=200 duration=0.001s
2026-05-26 01:03:24 | INFO     | access | log_requests:60 | Request started: method=POST path=/api/auth/login client=127.0.0.1
2026-05-26 01:03:24 | INFO     | backend.auth | authenticate_user:120 | User authenticated successfully: user_id=1, email=debbieofficial214@gmail.com
2026-05-26 01:03:24 | INFO     | main | login:160 | Login successful: user_id=1, email=debbieofficial214@gmail.com, ip=127.0.0.1
2026-05-26 01:03:24 | INFO     | access | log_requests:70 | Request completed: method=POST path=/api/auth/login status=200 duration=0.388s
2026-05-26 01:03:24 | INFO     | access | log_requests:60 | Request started: method=OPTIONS path=/api/state client=127.0.0.1
2026-05-26 01:03:24 | INFO     | access | log_requests:70 | Request completed: method=OPTIONS path=/api/state status=200 duration=0.000s
2026-05-26 01:03:24 | INFO     | access | log_requests:60 | Request started: method=GET path=/api/state client=127.0.0.1
2026-05-26 01:03:24 | INFO     | access | log_requests:70 | Request completed: method=GET path=/api/state status=200 duration=0.009s
2026-05-26 01:03:45 | INFO     | access | log_requests:60 | Request started: method=OPTIONS path=/api/goal client=127.0.0.1
2026-05-26 01:03:45 | INFO     | access | log_requests:70 | Request completed: method=OPTIONS path=/api/goal status=200 duration=0.002s
2026-05-26 01:03:45 | INFO     | access | log_requests:60 | Request started: method=PUT path=/api/goal client=127.0.0.1
2026-05-26 01:03:45 | INFO     | access | log_requests:70 | Request completed: method=PUT path=/api/goal status=200 duration=0.019s
2026-05-26 01:03:46 | INFO     | access | log_requests:60 | Request started: method=PUT path=/api/goal client=127.0.0.1
2026-05-26 01:03:46 | INFO     | access | log_requests:70 | Request completed: method=PUT path=/api/goal status=200 duration=0.014s
2026-05-26 01:05:00 | INFO     | access | log_requests:60 | Request started: method=OPTIONS path=/api/categories/1 client=127.0.0.1
2026-05-26 01:05:00 | INFO     | access | log_requests:70 | Request completed: method=OPTIONS path=/api/categories/1 status=200 duration=0.002s
2026-05-26 01:05:00 | INFO     | access | log_requests:60 | Request started: method=PATCH path=/api/categories/1 client=127.0.0.1
2026-05-26 01:05:00 | INFO     | access | log_requests:70 | Request completed: method=PATCH path=/api/categories/1 status=200 duration=0.016s
2026-05-26 01:05:01 | INFO     | access | log_requests:60 | Request started: method=PATCH path=/api/categories/1 client=127.0.0.1
2026-05-26 01:05:01 | INFO     | access | log_requests:70 | Request completed: method=PATCH path=/api/categories/1 status=200 duration=0.013s
2026-05-26 01:05:02 | INFO     | access | log_requests:60 | Request started: method=PATCH path=/api/categories/1 client=127.0.0.1
2026-05-26 01:05:02 | INFO     | access | log_requests:70 | Request completed: method=PATCH path=/api/categories/1 status=200 duration=0.009s
2026-05-26 01:05:03 | INFO     | access | log_requests:60 | Request started: method=PATCH path=/api/categories/1 client=127.0.0.1
2026-05-26 01:05:03 | INFO     | access | log_requests:70 | Request completed: method=PATCH path=/api/categories/1 status=200 duration=0.008s
2026-05-26 01:05:03 | INFO     | access | log_requests:60 | Request started: method=PATCH path=/api/categories/1 client=127.0.0.1
2026-05-26 01:05:03 | INFO     | access | log_requests:70 | Request completed: method=PATCH path=/api/categories/1 status=200 duration=0.010s
2026-05-26 01:05:03 | INFO     | access | log_requests:60 | Request started: method=PATCH path=/api/categories/1 client=127.0.0.1
2026-05-26 01:05:03 | INFO     | access | log_requests:70 | Request completed: method=PATCH path=/api/categories/1 status=200 duration=0.010s
2026-05-26 01:05:04 | INFO     | access | log_requests:60 | Request started: method=PATCH path=/api/categories/1 client=127.0.0.1
2026-05-26 01:05:04 | INFO     | access | log_requests:70 | Request completed: method=PATCH path=/api/categories/1 status=200 duration=0.010s
2026-05-26 01:05:04 | INFO     | access | log_requests:60 | Request started: method=PATCH path=/api/categories/1 client=127.0.0.1
2026-05-26 01:05:04 | INFO     | access | log_requests:70 | Request completed: method=PATCH path=/api/categories/1 status=200 duration=0.013s
2026-05-26 01:05:05 | INFO     | access | log_requests:60 | Request started: method=PATCH path=/api/categories/1 client=127.0.0.1
2026-05-26 01:05:05 | INFO     | access | log_requests:70 | Request completed: method=PATCH path=/api/categories/1 status=200 duration=0.010s
2026-05-26 01:05:05 | INFO     | access | log_requests:60 | Request started: method=PATCH path=/api/categories/1 client=127.0.0.1
2026-05-26 01:05:05 | INFO     | access | log_requests:70 | Request completed: method=PATCH path=/api/categories/1 status=200 duration=0.010s
2026-05-26 01:05:05 | INFO     | access | log_requests:60 | Request started: method=PATCH path=/api/categories/1 client=127.0.0.1
2026-05-26 01:05:05 | INFO     | access | log_requests:70 | Request completed: method=PATCH path=/api/categories/1 status=200 duration=0.009s
2026-05-26 01:05:05 | INFO     | access | log_requests:60 | Request started: method=PATCH path=/api/categories/1 client=127.0.0.1
2026-05-26 01:05:05 | INFO     | access | log_requests:70 | Request completed: method=PATCH path=/api/categories/1 status=200 duration=0.011s
2026-05-26 01:05:08 | INFO     | access | log_requests:60 | Request started: method=PATCH path=/api/categories/1 client=127.0.0.1
2026-05-26 01:05:08 | INFO     | access | log_requests:70 | Request completed: method=PATCH path=/api/categories/1 status=200 duration=0.015s
2026-05-26 01:05:09 | INFO     | access | log_requests:60 | Request started: method=PATCH path=/api/categories/1 client=127.0.0.1
2026-05-26 01:05:09 | INFO     | access | log_requests:70 | Request completed: method=PATCH path=/api/categories/1 status=200 duration=0.013s
2026-05-26 01:05:12 | INFO     | access | log_requests:60 | Request started: method=PATCH path=/api/categories/1 client=127.0.0.1
2026-05-26 01:05:12 | INFO     | access | log_requests:70 | Request completed: method=PATCH path=/api/categories/1 status=200 duration=0.015s
2026-05-26 01:05:14 | INFO     | access | log_requests:60 | Request started: method=PATCH path=/api/categories/1 client=127.0.0.1
2026-05-26 01:05:14 | INFO     | access | log_requests:70 | Request completed: method=PATCH path=/api/categories/1 status=200 duration=0.009s
2026-05-26 01:15:13 | INFO     | access | log_requests:60 | Request started: method=OPTIONS path=/api/auth/login client=127.0.0.1
2026-05-26 01:15:13 | INFO     | access | log_requests:70 | Request completed: method=OPTIONS path=/api/auth/login status=200 duration=0.003s
2026-05-26 01:15:13 | INFO     | access | log_requests:60 | Request started: method=POST path=/api/auth/login client=127.0.0.1
2026-05-26 01:15:14 | INFO     | backend.auth | authenticate_user:120 | User authenticated successfully: user_id=1, email=debbieofficial214@gmail.com
2026-05-26 01:15:14 | INFO     | main | login:160 | Login successful: user_id=1, email=debbieofficial214@gmail.com, ip=127.0.0.1
2026-05-26 01:15:14 | INFO     | access | log_requests:70 | Request completed: method=POST path=/api/auth/login status=200 duration=0.407s
2026-05-26 01:15:14 | INFO     | access | log_requests:60 | Request started: method=OPTIONS path=/api/state client=127.0.0.1
2026-05-26 01:15:14 | INFO     | access | log_requests:70 | Request completed: method=OPTIONS path=/api/state status=200 duration=0.000s
2026-05-26 01:15:14 | INFO     | access | log_requests:60 | Request started: method=GET path=/api/state client=127.0.0.1
2026-05-26 01:15:14 | INFO     | access | log_requests:70 | Request completed: method=GET path=/api/state status=200 duration=0.006s
2026-05-26 01:16:02 | INFO     | access | log_requests:60 | Request started: method=OPTIONS path=/api/goal client=127.0.0.1
2026-05-26 01:16:02 | INFO     | access | log_requests:70 | Request completed: method=OPTIONS path=/api/goal status=200 duration=0.001s
2026-05-26 01:16:02 | INFO     | access | log_requests:60 | Request started: method=PUT path=/api/goal client=127.0.0.1
2026-05-26 01:16:02 | INFO     | access | log_requests:70 | Request completed: method=PUT path=/api/goal status=200 duration=0.009s
2026-05-26 01:16:09 | INFO     | access | log_requests:60 | Request started: method=OPTIONS path=/api/expenses client=127.0.0.1
2026-05-26 01:16:09 | INFO     | access | log_requests:70 | Request completed: method=OPTIONS path=/api/expenses status=200 duration=0.001s
2026-05-26 01:16:09 | INFO     | access | log_requests:60 | Request started: method=POST path=/api/expenses client=127.0.0.1
2026-05-26 01:16:09 | INFO     | main | create_expense:264 | Expense created: expense_id=5, user_id=1, name=transport, amount=67
2026-05-26 01:16:09 | INFO     | access | log_requests:70 | Request completed: method=POST path=/api/expenses status=201 duration=0.025s
2026-05-26 01:16:09 | INFO     | access | log_requests:60 | Request started: method=PUT path=/api/goal client=127.0.0.1
2026-05-26 01:16:09 | INFO     | access | log_requests:70 | Request completed: method=PUT path=/api/goal status=200 duration=0.008s
2026-05-26 01:19:08 | INFO     | access | log_requests:60 | Request started: method=POST path=/api/auth/login client=127.0.0.1
2026-05-26 01:19:08 | INFO     | backend.auth | authenticate_user:120 | User authenticated successfully: user_id=1, email=debbieofficial214@gmail.com
2026-05-26 01:19:08 | INFO     | main | login:160 | Login successful: user_id=1, email=debbieofficial214@gmail.com, ip=127.0.0.1
2026-05-26 01:19:08 | INFO     | access | log_requests:70 | Request completed: method=POST path=/api/auth/login status=200 duration=0.412s
2026-05-26 01:19:08 | INFO     | access | log_requests:60 | Request started: method=GET path=/api/state client=127.0.0.1
2026-05-26 01:19:08 | INFO     | access | log_requests:70 | Request completed: method=GET path=/api/state status=200 duration=0.006s
2026-05-26 01:19:15 | INFO     | access | log_requests:60 | Request started: method=PUT path=/api/goal client=127.0.0.1
2026-05-26 01:19:15 | INFO     | access | log_requests:70 | Request completed: method=PUT path=/api/goal status=200 duration=0.010s
2026-05-26 01:19:48 | INFO     | access | log_requests:60 | Request started: method=POST path=/api/expenses client=127.0.0.1
2026-05-26 01:19:48 | INFO     | main | create_expense:264 | Expense created: expense_id=6, user_id=1, name=games, amount=78
2026-05-26 01:19:48 | INFO     | access | log_requests:70 | Request completed: method=POST path=/api/expenses status=201 duration=0.014s
2026-05-26 01:19:48 | INFO     | access | log_requests:60 | Request started: method=PUT path=/api/goal client=127.0.0.1
2026-05-26 01:19:48 | INFO     | access | log_requests:70 | Request completed: method=PUT path=/api/goal status=200 duration=0.008s
2026-05-26 01:19:53 | INFO     | access | log_requests:60 | Request started: method=PUT path=/api/goal client=127.0.0.1
2026-05-26 01:19:53 | INFO     | access | log_requests:70 | Request completed: method=PUT path=/api/goal status=200 duration=0.005s
2026-05-26 01:21:13 | INFO     | access | log_requests:60 | Request started: method=POST path=/api/expenses client=127.0.0.1
2026-05-26 01:21:13 | INFO     | main | create_expense:264 | Expense created: expense_id=7, user_id=1, name=hjjuui, amount=200
2026-05-26 01:21:13 | INFO     | access | log_requests:70 | Request completed: method=POST path=/api/expenses status=201 duration=0.015s
2026-05-26 01:21:13 | INFO     | access | log_requests:60 | Request started: method=PUT path=/api/goal client=127.0.0.1
2026-05-26 01:21:13 | INFO     | access | log_requests:70 | Request completed: method=PUT path=/api/goal status=200 duration=0.010s
2026-05-26 01:21:19 | INFO     | access | log_requests:60 | Request started: method=PUT path=/api/goal client=127.0.0.1
2026-05-26 01:21:19 | INFO     | access | log_requests:70 | Request completed: method=PUT path=/api/goal status=200 duration=0.008s
2026-05-28 11:15:34 | INFO     | backend.logging_config | setup_logging:110 | Logging configured successfully (mode: production)
2026-05-28 11:15:34 | INFO     | main | startup:88 | Starting StudentSpend API server...
2026-05-28 11:15:34 | INFO     | main | startup:94 | StudentSpend API server started successfully
2026-05-28 11:15:44 | INFO     | backend.logging_config | setup_logging:110 | Logging configured successfully (mode: production)
2026-05-28 11:15:44 | INFO     | main | startup:88 | Starting StudentSpend API server...
2026-05-28 11:15:44 | INFO     | main | startup:94 | StudentSpend API server started successfully
2026-05-28 11:18:22 | INFO     | backend.logging_config | setup_logging:110 | Logging configured successfully (mode: production)
2026-05-28 11:18:22 | INFO     | main | startup:88 | Starting StudentSpend API server...
2026-05-28 11:18:22 | INFO     | main | startup:94 | StudentSpend API server started successfully
2026-05-28 11:18:44 | INFO     | backend.logging_config | setup_logging:110 | Logging configured successfully (mode: production)
2026-05-28 11:18:44 | INFO     | main | startup:88 | Starting StudentSpend API server...
2026-05-28 11:18:44 | INFO     | main | startup:94 | StudentSpend API server started successfully
2026-05-28 11:36:59 | INFO     | backend.logging_config | setup_logging:110 | Logging configured successfully (mode: production)
2026-05-28 11:36:59 | INFO     | main | startup:88 | Starting StudentSpend API server...
2026-05-28 11:36:59 | INFO     | main | startup:94 | StudentSpend API server started successfully
2026-05-28 11:37:08 | INFO     | backend.logging_config | setup_logging:110 | Logging configured successfully (mode: production)
2026-05-28 11:37:08 | INFO     | main | startup:88 | Starting StudentSpend API server...
2026-05-28 11:37:08 | INFO     | main | startup:94 | StudentSpend API server started successfully
2026-05-28 11:37:09 | INFO     | backend.logging_config | setup_logging:110 | Logging configured successfully (mode: production)
2026-05-28 11:37:09 | INFO     | main | startup:88 | Starting StudentSpend API server...
2026-05-28 11:37:09 | INFO     | main | startup:94 | StudentSpend API server started successfully
2026-05-28 11:38:04 | INFO     | backend.logging_config | setup_logging:110 | Logging configured successfully (mode: production)
2026-05-28 11:38:04 | INFO     | main | startup:88 | Starting StudentSpend API server...
2026-05-28 11:38:04 | INFO     | main | startup:94 | StudentSpend API server started successfully
2026-05-28 11:38:13 | INFO     | backend.logging_config | setup_logging:110 | Logging configured successfully (mode: production)
2026-05-28 11:38:13 | INFO     | main | startup:88 | Starting StudentSpend API server...
2026-05-28 11:38:13 | INFO     | main | startup:94 | StudentSpend API server started successfully
2026-05-28 11:38:45 | INFO     | backend.logging_config | setup_logging:110 | Logging configured successfully (mode: production)
2026-05-28 11:38:45 | INFO     | main | startup:88 | Starting StudentSpend API server...
2026-05-28 11:38:45 | INFO     | main | startup:94 | StudentSpend API server started successfully
2026-05-28 11:43:44 | INFO     | backend.logging_config | setup_logging:110 | Logging configured successfully (mode: production)
2026-05-28 11:43:44 | INFO     | main | startup:88 | Starting StudentSpend API server...
2026-05-28 11:43:44 | INFO     | main | startup:94 | StudentSpend API server started successfully
2026-05-28 11:43:50 | INFO     | backend.logging_config | setup_logging:110 | Logging configured successfully (mode: production)
2026-05-28 11:43:50 | INFO     | main | startup:88 | Starting StudentSpend API server...
2026-05-28 11:43:51 | INFO     | main | startup:94 | StudentSpend API server started successfully
2026-05-28 11:44:10 | INFO     | backend.logging_config | setup_logging:110 | Logging configured successfully (mode: production)
2026-05-28 11:44:10 | INFO     | main | startup:88 | Starting StudentSpend API server...
2026-05-28 11:44:21 | INFO     | backend.logging_config | setup_logging:110 | Logging configured successfully (mode: production)
2026-05-28 11:44:21 | INFO     | main | startup:88 | Starting StudentSpend API server...
2026-05-28 11:44:21 | INFO     | main | startup:94 | StudentSpend API server started successfully
2026-05-28 11:44:30 | INFO     | backend.logging_config | setup_logging:110 | Logging configured successfully (mode: production)
2026-05-28 11:44:30 | INFO     | main | startup:88 | Starting StudentSpend API server...
2026-05-28 11:44:30 | INFO     | main | startup:94 | StudentSpend API server started successfully
2026-05-28 11:44:50 | INFO     | backend.logging_config | setup_logging:110 | Logging configured successfully (mode: production)
2026-05-28 11:44:50 | INFO     | main | startup:88 | Starting StudentSpend API server...
2026-05-28 11:44:50 | INFO     | main | startup:94 | StudentSpend API server started successfully
2026-05-28 11:45:11 | INFO     | backend.logging_config | setup_logging:110 | Logging configured successfully (mode: production)
2026-05-28 11:45:11 | INFO     | main | startup:88 | Starting StudentSpend API server...
2026-05-28 11:45:11 | INFO     | main | startup:94 | StudentSpend API server started successfully
2026-05-28 11:45:40 | INFO     | backend.logging_config | setup_logging:110 | Logging configured successfully (mode: production)
2026-05-28 11:46:00 | INFO     | backend.logging_config | setup_logging:110 | Logging configured successfully (mode: production)
2026-05-28 11:46:23 | INFO     | backend.logging_config | setup_logging:110 | Logging configured successfully (mode: production)
2026-05-28 11:46:25 | INFO     | backend.logging_config | setup_logging:110 | Logging configured successfully (mode: production)
2026-05-28 11:48:35 | INFO     | backend.logging_config | setup_logging:110 | Logging configured successfully (mode: production)
2026-05-28 11:49:35 | INFO     | backend.logging_config | setup_logging:110 | Logging configured successfully (mode: production)
2026-05-28 11:53:37 | INFO     | backend.logging_config | setup_logging:110 | Logging configured successfully (mode: production)
2026-05-28 11:53:37 | INFO     | main | startup:92 | Starting StudentSpend API server...
2026-05-28 11:53:37 | INFO     | main | startup:98 | StudentSpend API server started successfully
2026-05-28 11:53:37 | INFO     | access | log_requests:64 | Request started: method=OPTIONS path=/api/auth/login client=127.0.0.1
2026-05-28 11:53:37 | INFO     | access | log_requests:74 | Request completed: method=OPTIONS path=/api/auth/login status=200 duration=0.001s
2026-05-28 11:53:49 | INFO     | backend.logging_config | setup_logging:110 | Logging configured successfully (mode: production)
2026-05-28 11:53:49 | INFO     | main | startup:92 | Starting StudentSpend API server...
2026-05-28 11:53:49 | INFO     | main | startup:98 | StudentSpend API server started successfully
2026-05-28 11:54:30 | INFO     | access | log_requests:64 | Request started: method=POST path=/api/auth/login client=127.0.0.1
2026-05-28 11:54:30 | INFO     | backend.auth | authenticate_user:120 | User authenticated successfully: user_id=1, email=debbieofficial214@gmail.com
2026-05-28 11:54:30 | INFO     | main | login:164 | Login successful: user_id=1, email=debbieofficial214@gmail.com, ip=127.0.0.1
2026-05-28 11:54:30 | INFO     | access | log_requests:74 | Request completed: method=POST path=/api/auth/login status=200 duration=0.414s
2026-05-28 11:54:30 | INFO     | access | log_requests:64 | Request started: method=OPTIONS path=/api/state client=127.0.0.1
2026-05-28 11:54:30 | INFO     | access | log_requests:74 | Request completed: method=OPTIONS path=/api/state status=200 duration=0.000s
2026-05-28 11:54:30 | INFO     | access | log_requests:64 | Request started: method=GET path=/api/state client=127.0.0.1
2026-05-28 11:54:30 | ERROR    | backend.database | get_db:67 | Database session error: 1 validation errors:
  {'type': 'model_attributes_type', 'loc': ('response', 'settings'), 'msg': 'Input should be a valid dictionary or object to extract fields from', 'input': None}

2026-05-28 11:54:30 | ERROR    | main | log_requests:82 | Request failed: method=GET path=/api/state error=1 validation errors:
  {'type': 'model_attributes_type', 'loc': ('response', 'settings'), 'msg': 'Input should be a valid dictionary or object to extract fields from', 'input': None}
 duration=0.010s
Traceback (most recent call last):
  File "/Users/best/Desktop/student-expense/venv/lib/python3.14/site-packages/starlette/middleware/base.py", line 157, in call_next
    message = await recv_stream.receive()
              ^^^^^^^^^^^^^^^^^^^^^^^^^^^
  File "/Users/best/Desktop/student-expense/venv/lib/python3.14/site-packages/anyio/streams/memory.py", line 132, in receive
    raise EndOfStream from None
anyio.EndOfStream

During handling of the above exception, another exception occurred:

Traceback (most recent call last):
  File "/Users/best/Desktop/student-expense/backend/main.py", line 70, in log_requests
    response = await call_next(request)
               ^^^^^^^^^^^^^^^^^^^^^^^^
  File "/Users/best/Desktop/student-expense/venv/lib/python3.14/site-packages/starlette/middleware/base.py", line 163, in call_next
    raise app_exc
  File "/Users/best/Desktop/student-expense/venv/lib/python3.14/site-packages/starlette/middleware/base.py", line 149, in coro
    await self.app(scope, receive_or_disconnect, send_no_error)
  File "/Users/best/Desktop/student-expense/venv/lib/python3.14/site-packages/starlette/middleware/cors.py", line 93, in __call__
    await self.simple_response(scope, receive, send, request_headers=headers)
  File "/Users/best/Desktop/student-expense/venv/lib/python3.14/site-packages/starlette/middleware/cors.py", line 144, in simple_response
    await self.app(scope, receive, send)
  File "/Users/best/Desktop/student-expense/venv/lib/python3.14/site-packages/starlette/middleware/exceptions.py", line 62, in __call__
    await wrap_app_handling_exceptions(self.app, conn)(scope, receive, send)
  File "/Users/best/Desktop/student-expense/venv/lib/python3.14/site-packages/starlette/_exception_handler.py", line 53, in wrapped_app
    raise exc
  File "/Users/best/Desktop/student-expense/venv/lib/python3.14/site-packages/starlette/_exception_handler.py", line 42, in wrapped_app
    await app(scope, receive, sender)
  File "/Users/best/Desktop/student-expense/venv/lib/python3.14/site-packages/starlette/routing.py", line 715, in __call__
    await self.middleware_stack(scope, receive, send)
  File "/Users/best/Desktop/student-expense/venv/lib/python3.14/site-packages/starlette/routing.py", line 735, in app
    await route.handle(scope, receive, send)
  File "/Users/best/Desktop/student-expense/venv/lib/python3.14/site-packages/starlette/routing.py", line 288, in handle
    await self.app(scope, receive, send)
  File "/Users/best/Desktop/student-expense/venv/lib/python3.14/site-packages/starlette/routing.py", line 76, in app
    await wrap_app_handling_exceptions(app, request)(scope, receive, send)
  File "/Users/best/Desktop/student-expense/venv/lib/python3.14/site-packages/starlette/_exception_handler.py", line 53, in wrapped_app
    raise exc
  File "/Users/best/Desktop/student-expense/venv/lib/python3.14/site-packages/starlette/_exception_handler.py", line 42, in wrapped_app
    await app(scope, receive, sender)
  File "/Users/best/Desktop/student-expense/venv/lib/python3.14/site-packages/starlette/routing.py", line 73, in app
    response = await f(request)
               ^^^^^^^^^^^^^^^^
  File "/Users/best/Desktop/student-expense/venv/lib/python3.14/site-packages/fastapi/routing.py", line 327, in app
    content = await serialize_response(
              ^^^^^^^^^^^^^^^^^^^^^^^^^
    ...<9 lines>...
    )
    ^
  File "/Users/best/Desktop/student-expense/venv/lib/python3.14/site-packages/fastapi/routing.py", line 176, in serialize_response
    raise ResponseValidationError(
        errors=_normalize_errors(errors), body=response_content
    )
fastapi.exceptions.ResponseValidationError: 1 validation errors:
  {'type': 'model_attributes_type', 'loc': ('response', 'settings'), 'msg': 'Input should be a valid dictionary or object to extract fields from', 'input': None}

2026-05-28 12:01:17 | INFO     | access | log_requests:64 | Request started: method=GET path=/health client=127.0.0.1
2026-05-28 12:01:17 | INFO     | access | log_requests:74 | Request completed: method=GET path=/health status=200 duration=0.003s
2026-05-28 14:19:56 | INFO     | backend.logging_config | setup_logging:110 | Logging configured successfully (mode: production)
2026-05-28 14:19:56 | INFO     | main | startup:92 | Starting StudentSpend API server...
2026-05-28 14:19:56 | INFO     | main | startup:98 | StudentSpend API server started successfully
2026-05-28 14:20:14 | INFO     | access | log_requests:64 | Request started: method=OPTIONS path=/api/auth/login client=127.0.0.1
2026-05-28 14:20:14 | INFO     | access | log_requests:74 | Request completed: method=OPTIONS path=/api/auth/login status=200 duration=0.001s
2026-05-28 14:20:14 | INFO     | access | log_requests:64 | Request started: method=POST path=/api/auth/login client=127.0.0.1
2026-05-28 14:20:15 | INFO     | backend.auth | authenticate_user:120 | User authenticated successfully: user_id=1, email=debbieofficial214@gmail.com
2026-05-28 14:20:15 | INFO     | main | login:164 | Login successful: user_id=1, email=debbieofficial214@gmail.com, ip=127.0.0.1
2026-05-28 14:20:15 | INFO     | access | log_requests:74 | Request completed: method=POST path=/api/auth/login status=200 duration=0.428s
2026-05-28 14:20:15 | INFO     | access | log_requests:64 | Request started: method=OPTIONS path=/api/state client=127.0.0.1
2026-05-28 14:20:15 | INFO     | access | log_requests:74 | Request completed: method=OPTIONS path=/api/state status=200 duration=0.001s
2026-05-28 14:20:15 | INFO     | access | log_requests:64 | Request started: method=GET path=/api/state client=127.0.0.1
2026-05-28 14:20:15 | ERROR    | backend.database | get_db:67 | Database session error: 1 validation errors:
  {'type': 'model_attributes_type', 'loc': ('response', 'settings'), 'msg': 'Input should be a valid dictionary or object to extract fields from', 'input': None}

2026-05-28 14:20:15 | ERROR    | main | log_requests:82 | Request failed: method=GET path=/api/state error=1 validation errors:
  {'type': 'model_attributes_type', 'loc': ('response', 'settings'), 'msg': 'Input should be a valid dictionary or object to extract fields from', 'input': None}
 duration=0.013s
Traceback (most recent call last):
  File "/Users/best/Desktop/student-expense/venv/lib/python3.14/site-packages/starlette/middleware/base.py", line 157, in call_next
    message = await recv_stream.receive()
              ^^^^^^^^^^^^^^^^^^^^^^^^^^^
  File "/Users/best/Desktop/student-expense/venv/lib/python3.14/site-packages/anyio/streams/memory.py", line 132, in receive
    raise EndOfStream from None
anyio.EndOfStream

During handling of the above exception, another exception occurred:

Traceback (most recent call last):
  File "/Users/best/Desktop/student-expense/backend/main.py", line 70, in log_requests
    response = await call_next(request)
               ^^^^^^^^^^^^^^^^^^^^^^^^
  File "/Users/best/Desktop/student-expense/venv/lib/python3.14/site-packages/starlette/middleware/base.py", line 163, in call_next
    raise app_exc
  File "/Users/best/Desktop/student-expense/venv/lib/python3.14/site-packages/starlette/middleware/base.py", line 149, in coro
    await self.app(scope, receive_or_disconnect, send_no_error)
  File "/Users/best/Desktop/student-expense/venv/lib/python3.14/site-packages/starlette/middleware/cors.py", line 93, in __call__
    await self.simple_response(scope, receive, send, request_headers=headers)
  File "/Users/best/Desktop/student-expense/venv/lib/python3.14/site-packages/starlette/middleware/cors.py", line 144, in simple_response
    await self.app(scope, receive, send)
  File "/Users/best/Desktop/student-expense/venv/lib/python3.14/site-packages/starlette/middleware/exceptions.py", line 62, in __call__
    await wrap_app_handling_exceptions(self.app, conn)(scope, receive, send)
  File "/Users/best/Desktop/student-expense/venv/lib/python3.14/site-packages/starlette/_exception_handler.py", line 53, in wrapped_app
    raise exc
  File "/Users/best/Desktop/student-expense/venv/lib/python3.14/site-packages/starlette/_exception_handler.py", line 42, in wrapped_app
    await app(scope, receive, sender)
  File "/Users/best/Desktop/student-expense/venv/lib/python3.14/site-packages/starlette/routing.py", line 715, in __call__
    await self.middleware_stack(scope, receive, send)
  File "/Users/best/Desktop/student-expense/venv/lib/python3.14/site-packages/starlette/routing.py", line 735, in app
    await route.handle(scope, receive, send)
  File "/Users/best/Desktop/student-expense/venv/lib/python3.14/site-packages/starlette/routing.py", line 288, in handle
    await self.app(scope, receive, send)
  File "/Users/best/Desktop/student-expense/venv/lib/python3.14/site-packages/starlette/routing.py", line 76, in app
    await wrap_app_handling_exceptions(app, request)(scope, receive, send)
  File "/Users/best/Desktop/student-expense/venv/lib/python3.14/site-packages/starlette/_exception_handler.py", line 53, in wrapped_app
    raise exc
  File "/Users/best/Desktop/student-expense/venv/lib/python3.14/site-packages/starlette/_exception_handler.py", line 42, in wrapped_app
    await app(scope, receive, sender)
  File "/Users/best/Desktop/student-expense/venv/lib/python3.14/site-packages/starlette/routing.py", line 73, in app
    response = await f(request)
               ^^^^^^^^^^^^^^^^
  File "/Users/best/Desktop/student-expense/venv/lib/python3.14/site-packages/fastapi/routing.py", line 327, in app
    content = await serialize_response(
              ^^^^^^^^^^^^^^^^^^^^^^^^^
    ...<9 lines>...
    )
    ^
  File "/Users/best/Desktop/student-expense/venv/lib/python3.14/site-packages/fastapi/routing.py", line 176, in serialize_response
    raise ResponseValidationError(
        errors=_normalize_errors(errors), body=response_content
    )
fastapi.exceptions.ResponseValidationError: 1 validation errors:
  {'type': 'model_attributes_type', 'loc': ('response', 'settings'), 'msg': 'Input should be a valid dictionary or object to extract fields from', 'input': None}

2026-05-28 14:22:32 | INFO     | access | log_requests:64 | Request started: method=POST path=/api/auth/login client=127.0.0.1
2026-05-28 14:22:33 | INFO     | backend.auth | authenticate_user:120 | User authenticated successfully: user_id=1, email=debbieofficial214@gmail.com
2026-05-28 14:22:33 | INFO     | main | login:164 | Login successful: user_id=1, email=debbieofficial214@gmail.com, ip=127.0.0.1
2026-05-28 14:22:33 | INFO     | access | log_requests:74 | Request completed: method=POST path=/api/auth/login status=200 duration=0.413s
2026-05-28 14:22:33 | INFO     | access | log_requests:64 | Request started: method=GET path=/api/state client=127.0.0.1
2026-05-28 14:22:33 | ERROR    | backend.database | get_db:67 | Database session error: 1 validation errors:
  {'type': 'model_attributes_type', 'loc': ('response', 'settings'), 'msg': 'Input should be a valid dictionary or object to extract fields from', 'input': None}

2026-05-28 14:22:33 | ERROR    | main | log_requests:82 | Request failed: method=GET path=/api/state error=1 validation errors:
  {'type': 'model_attributes_type', 'loc': ('response', 'settings'), 'msg': 'Input should be a valid dictionary or object to extract fields from', 'input': None}
 duration=0.006s
Traceback (most recent call last):
  File "/Users/best/Desktop/student-expense/venv/lib/python3.14/site-packages/starlette/middleware/base.py", line 157, in call_next
    message = await recv_stream.receive()
              ^^^^^^^^^^^^^^^^^^^^^^^^^^^
  File "/Users/best/Desktop/student-expense/venv/lib/python3.14/site-packages/anyio/streams/memory.py", line 132, in receive
    raise EndOfStream from None
anyio.EndOfStream

During handling of the above exception, another exception occurred:

Traceback (most recent call last):
  File "/Users/best/Desktop/student-expense/backend/main.py", line 70, in log_requests
    response = await call_next(request)
               ^^^^^^^^^^^^^^^^^^^^^^^^
  File "/Users/best/Desktop/student-expense/venv/lib/python3.14/site-packages/starlette/middleware/base.py", line 163, in call_next
    raise app_exc
  File "/Users/best/Desktop/student-expense/venv/lib/python3.14/site-packages/starlette/middleware/base.py", line 149, in coro
    await self.app(scope, receive_or_disconnect, send_no_error)
  File "/Users/best/Desktop/student-expense/venv/lib/python3.14/site-packages/starlette/middleware/cors.py", line 93, in __call__
    await self.simple_response(scope, receive, send, request_headers=headers)
  File "/Users/best/Desktop/student-expense/venv/lib/python3.14/site-packages/starlette/middleware/cors.py", line 144, in simple_response
    await self.app(scope, receive, send)
  File "/Users/best/Desktop/student-expense/venv/lib/python3.14/site-packages/starlette/middleware/exceptions.py", line 62, in __call__
    await wrap_app_handling_exceptions(self.app, conn)(scope, receive, send)
  File "/Users/best/Desktop/student-expense/venv/lib/python3.14/site-packages/starlette/_exception_handler.py", line 53, in wrapped_app
    raise exc
  File "/Users/best/Desktop/student-expense/venv/lib/python3.14/site-packages/starlette/_exception_handler.py", line 42, in wrapped_app
    await app(scope, receive, sender)
  File "/Users/best/Desktop/student-expense/venv/lib/python3.14/site-packages/starlette/routing.py", line 715, in __call__
    await self.middleware_stack(scope, receive, send)
  File "/Users/best/Desktop/student-expense/venv/lib/python3.14/site-packages/starlette/routing.py", line 735, in app
    await route.handle(scope, receive, send)
  File "/Users/best/Desktop/student-expense/venv/lib/python3.14/site-packages/starlette/routing.py", line 288, in handle
    await self.app(scope, receive, send)
  File "/Users/best/Desktop/student-expense/venv/lib/python3.14/site-packages/starlette/routing.py", line 76, in app
    await wrap_app_handling_exceptions(app, request)(scope, receive, send)
  File "/Users/best/Desktop/student-expense/venv/lib/python3.14/site-packages/starlette/_exception_handler.py", line 53, in wrapped_app
    raise exc
  File "/Users/best/Desktop/student-expense/venv/lib/python3.14/site-packages/starlette/_exception_handler.py", line 42, in wrapped_app
    await app(scope, receive, sender)
  File "/Users/best/Desktop/student-expense/venv/lib/python3.14/site-packages/starlette/routing.py", line 73, in app
    response = await f(request)
               ^^^^^^^^^^^^^^^^
  File "/Users/best/Desktop/student-expense/venv/lib/python3.14/site-packages/fastapi/routing.py", line 327, in app
    content = await serialize_response(
              ^^^^^^^^^^^^^^^^^^^^^^^^^
    ...<9 lines>...
    )
    ^
  File "/Users/best/Desktop/student-expense/venv/lib/python3.14/site-packages/fastapi/routing.py", line 176, in serialize_response
    raise ResponseValidationError(
        errors=_normalize_errors(errors), body=response_content
    )
fastapi.exceptions.ResponseValidationError: 1 validation errors:
  {'type': 'model_attributes_type', 'loc': ('response', 'settings'), 'msg': 'Input should be a valid dictionary or object to extract fields from', 'input': None}

2026-06-01 00:48:20 | INFO     | backend.logging_config | setup_logging:110 | Logging configured successfully (mode: production)
2026-06-01 00:48:20 | INFO     | main | startup:108 | Starting StudentSpend API server...
2026-06-01 00:48:21 | INFO     | main | startup:114 | StudentSpend API server started successfully
2026-06-01 00:48:33 | INFO     | backend.logging_config | setup_logging:110 | Logging configured successfully (mode: production)
2026-06-01 00:48:33 | INFO     | main | startup:109 | Starting StudentSpend API server...
2026-06-01 00:48:33 | INFO     | main | startup:115 | StudentSpend API server started successfully
2026-06-01 00:48:41 | INFO     | access | log_requests:73 | Request started: method=OPTIONS path=/api/auth/login client=127.0.0.1
2026-06-01 00:48:41 | INFO     | access | log_requests:83 | Request completed: method=OPTIONS path=/api/auth/login status=200 duration=0.001s
2026-06-01 00:48:41 | INFO     | access | log_requests:73 | Request started: method=POST path=/api/auth/login client=127.0.0.1
2026-06-01 00:48:41 | ERROR    | backend.database | get_db:67 | Database session error: Error 61 connecting to localhost:6379. Connection refused.
2026-06-01 00:48:41 | ERROR    | main | log_requests:99 | Request failed: method=POST path=/api/auth/login error=Error 61 connecting to localhost:6379. Connection refused. duration=0.004s
Traceback (most recent call last):
  File "/Users/best/Desktop/student-expense/venv/lib/python3.14/site-packages/starlette/middleware/base.py", line 157, in call_next
    message = await recv_stream.receive()
              ^^^^^^^^^^^^^^^^^^^^^^^^^^^
  File "/Users/best/Desktop/student-expense/venv/lib/python3.14/site-packages/anyio/streams/memory.py", line 132, in receive
    raise EndOfStream from None
anyio.EndOfStream

During handling of the above exception, another exception occurred:

Traceback (most recent call last):
  File "/Users/best/Desktop/student-expense/backend/main.py", line 79, in log_requests
    response = await call_next(request)
               ^^^^^^^^^^^^^^^^^^^^^^^^
  File "/Users/best/Desktop/student-expense/venv/lib/python3.14/site-packages/starlette/middleware/base.py", line 163, in call_next
    raise app_exc
  File "/Users/best/Desktop/student-expense/venv/lib/python3.14/site-packages/starlette/middleware/base.py", line 149, in coro
    await self.app(scope, receive_or_disconnect, send_no_error)
  File "/Users/best/Desktop/student-expense/venv/lib/python3.14/site-packages/starlette/middleware/cors.py", line 93, in __call__
    await self.simple_response(scope, receive, send, request_headers=headers)
  File "/Users/best/Desktop/student-expense/venv/lib/python3.14/site-packages/starlette/middleware/cors.py", line 144, in simple_response
    await self.app(scope, receive, send)
  File "/Users/best/Desktop/student-expense/venv/lib/python3.14/site-packages/starlette/middleware/exceptions.py", line 62, in __call__
    await wrap_app_handling_exceptions(self.app, conn)(scope, receive, send)
  File "/Users/best/Desktop/student-expense/venv/lib/python3.14/site-packages/starlette/_exception_handler.py", line 53, in wrapped_app
    raise exc
  File "/Users/best/Desktop/student-expense/venv/lib/python3.14/site-packages/starlette/_exception_handler.py", line 42, in wrapped_app
    await app(scope, receive, sender)
  File "/Users/best/Desktop/student-expense/venv/lib/python3.14/site-packages/starlette/routing.py", line 715, in __call__
    await self.middleware_stack(scope, receive, send)
  File "/Users/best/Desktop/student-expense/venv/lib/python3.14/site-packages/starlette/routing.py", line 735, in app
    await route.handle(scope, receive, send)
  File "/Users/best/Desktop/student-expense/venv/lib/python3.14/site-packages/starlette/routing.py", line 288, in handle
    await self.app(scope, receive, send)
  File "/Users/best/Desktop/student-expense/venv/lib/python3.14/site-packages/starlette/routing.py", line 76, in app
    await wrap_app_handling_exceptions(app, request)(scope, receive, send)
  File "/Users/best/Desktop/student-expense/venv/lib/python3.14/site-packages/starlette/_exception_handler.py", line 53, in wrapped_app
    raise exc
  File "/Users/best/Desktop/student-expense/venv/lib/python3.14/site-packages/starlette/_exception_handler.py", line 42, in wrapped_app
    await app(scope, receive, sender)
  File "/Users/best/Desktop/student-expense/venv/lib/python3.14/site-packages/starlette/routing.py", line 73, in app
    response = await f(request)
               ^^^^^^^^^^^^^^^^
  File "/Users/best/Desktop/student-expense/venv/lib/python3.14/site-packages/fastapi/routing.py", line 301, in app
    raw_response = await run_endpoint_function(
                   ^^^^^^^^^^^^^^^^^^^^^^^^^^^^
    ...<3 lines>...
    )
    ^
  File "/Users/best/Desktop/student-expense/venv/lib/python3.14/site-packages/fastapi/routing.py", line 214, in run_endpoint_function
    return await run_in_threadpool(dependant.call, **values)
           ^^^^^^^^^^^^^^^^^^^^^^^^^^^^^^^^^^^^^^^^^^^^^^^^^
  File "/Users/best/Desktop/student-expense/venv/lib/python3.14/site-packages/starlette/concurrency.py", line 39, in run_in_threadpool
    return await anyio.to_thread.run_sync(func, *args)
           ^^^^^^^^^^^^^^^^^^^^^^^^^^^^^^^^^^^^^^^^^^^
  File "/Users/best/Desktop/student-expense/venv/lib/python3.14/site-packages/anyio/to_thread.py", line 63, in run_sync
    return await get_async_backend().run_sync_in_worker_thread(
           ^^^^^^^^^^^^^^^^^^^^^^^^^^^^^^^^^^^^^^^^^^^^^^^^^^^^
        func, args, abandon_on_cancel=abandon_on_cancel, limiter=limiter
        ^^^^^^^^^^^^^^^^^^^^^^^^^^^^^^^^^^^^^^^^^^^^^^^^^^^^^^^^^^^^^^^^
    )
    ^
  File "/Users/best/Desktop/student-expense/venv/lib/python3.14/site-packages/anyio/_backends/_asyncio.py", line 2518, in run_sync_in_worker_thread
    return await future
           ^^^^^^^^^^^^
  File "/Users/best/Desktop/student-expense/venv/lib/python3.14/site-packages/anyio/_backends/_asyncio.py", line 1002, in run
    result = context.run(func, *args)
  File "/Users/best/Desktop/student-expense/backend/main.py", line 173, in login
    check_login_rate_limit(payload.email)
    ~~~~~~~~~~~~~~~~~~~~~~^^^^^^^^^^^^^^^
  File "/Users/best/Desktop/student-expense/backend/auth.py", line 146, in check_login_rate_limit
    attempts = redis_client.get(redis_key)
  File "/Users/best/Desktop/student-expense/venv/lib/python3.14/site-packages/redis/commands/core.py", line 3194, in get
    return self.execute_command("GET", name, keys=[name])
           ~~~~~~~~~~~~~~~~~~~~^^^^^^^^^^^^^^^^^^^^^^^^^^
  File "/Users/best/Desktop/student-expense/venv/lib/python3.14/site-packages/redis/client.py", line 787, in execute_command
    return self._execute_command(*args, **options)
           ~~~~~~~~~~~~~~~~~~~~~^^^^^^^^^^^^^^^^^^
  File "/Users/best/Desktop/student-expense/venv/lib/python3.14/site-packages/redis/client.py", line 793, in _execute_command
    conn = self.connection or pool.get_connection()
                              ~~~~~~~~~~~~~~~~~~~^^
  File "/Users/best/Desktop/student-expense/venv/lib/python3.14/site-packages/redis/utils.py", line 258, in wrapper
    return func(*args, **kwargs)
  File "/Users/best/Desktop/student-expense/venv/lib/python3.14/site-packages/redis/connection.py", line 3139, in get_connection
    connection.connect()
    ~~~~~~~~~~~~~~~~~~^^
  File "/Users/best/Desktop/student-expense/venv/lib/python3.14/site-packages/redis/connection.py", line 1006, in connect
    self.retry.call_with_retry(
    ~~~~~~~~~~~~~~~~~~~~~~~~~~^
        lambda: self.connect_check_health(
        ^^^^^^^^^^^^^^^^^^^^^^^^^^^^^^^^^^
    ...<2 lines>...
        lambda error: self.disconnect(error),
        ^^^^^^^^^^^^^^^^^^^^^^^^^^^^^^^^^^^^^
    )
    ^
  File "/Users/best/Desktop/student-expense/venv/lib/python3.14/site-packages/redis/retry.py", line 132, in call_with_retry
    raise error
  File "/Users/best/Desktop/student-expense/venv/lib/python3.14/site-packages/redis/retry.py", line 120, in call_with_retry
    return do()
  File "/Users/best/Desktop/student-expense/venv/lib/python3.14/site-packages/redis/connection.py", line 1007, in <lambda>
    lambda: self.connect_check_health(
            ~~~~~~~~~~~~~~~~~~~~~~~~~^
        check_health=True, retry_socket_connect=False
        ^^^^^^^^^^^^^^^^^^^^^^^^^^^^^^^^^^^^^^^^^^^^^
    ),
    ^
  File "/Users/best/Desktop/student-expense/venv/lib/python3.14/site-packages/redis/connection.py", line 1055, in connect_check_health
    raise e
redis.exceptions.ConnectionError: Error 61 connecting to localhost:6379. Connection refused.
2026-06-01 00:48:42 | INFO     | access | log_requests:73 | Request started: method=POST path=/api/auth/login client=127.0.0.1
2026-06-01 00:48:42 | ERROR    | backend.database | get_db:67 | Database session error: Error 61 connecting to localhost:6379. Connection refused.
2026-06-01 00:48:42 | ERROR    | main | log_requests:99 | Request failed: method=POST path=/api/auth/login error=Error 61 connecting to localhost:6379. Connection refused. duration=0.002s
Traceback (most recent call last):
  File "/Users/best/Desktop/student-expense/venv/lib/python3.14/site-packages/starlette/middleware/base.py", line 157, in call_next
    message = await recv_stream.receive()
              ^^^^^^^^^^^^^^^^^^^^^^^^^^^
  File "/Users/best/Desktop/student-expense/venv/lib/python3.14/site-packages/anyio/streams/memory.py", line 132, in receive
    raise EndOfStream from None
anyio.EndOfStream

During handling of the above exception, another exception occurred:

Traceback (most recent call last):
  File "/Users/best/Desktop/student-expense/backend/main.py", line 79, in log_requests
    response = await call_next(request)
               ^^^^^^^^^^^^^^^^^^^^^^^^
  File "/Users/best/Desktop/student-expense/venv/lib/python3.14/site-packages/starlette/middleware/base.py", line 163, in call_next
    raise app_exc
  File "/Users/best/Desktop/student-expense/venv/lib/python3.14/site-packages/starlette/middleware/base.py", line 149, in coro
    await self.app(scope, receive_or_disconnect, send_no_error)
  File "/Users/best/Desktop/student-expense/venv/lib/python3.14/site-packages/starlette/middleware/cors.py", line 93, in __call__
    await self.simple_response(scope, receive, send, request_headers=headers)
  File "/Users/best/Desktop/student-expense/venv/lib/python3.14/site-packages/starlette/middleware/cors.py", line 144, in simple_response
    await self.app(scope, receive, send)
  File "/Users/best/Desktop/student-expense/venv/lib/python3.14/site-packages/starlette/middleware/exceptions.py", line 62, in __call__
    await wrap_app_handling_exceptions(self.app, conn)(scope, receive, send)
  File "/Users/best/Desktop/student-expense/venv/lib/python3.14/site-packages/starlette/_exception_handler.py", line 53, in wrapped_app
    raise exc
  File "/Users/best/Desktop/student-expense/venv/lib/python3.14/site-packages/starlette/_exception_handler.py", line 42, in wrapped_app
    await app(scope, receive, sender)
  File "/Users/best/Desktop/student-expense/venv/lib/python3.14/site-packages/starlette/routing.py", line 715, in __call__
    await self.middleware_stack(scope, receive, send)
  File "/Users/best/Desktop/student-expense/venv/lib/python3.14/site-packages/starlette/routing.py", line 735, in app
    await route.handle(scope, receive, send)
  File "/Users/best/Desktop/student-expense/venv/lib/python3.14/site-packages/starlette/routing.py", line 288, in handle
    await self.app(scope, receive, send)
  File "/Users/best/Desktop/student-expense/venv/lib/python3.14/site-packages/starlette/routing.py", line 76, in app
    await wrap_app_handling_exceptions(app, request)(scope, receive, send)
  File "/Users/best/Desktop/student-expense/venv/lib/python3.14/site-packages/starlette/_exception_handler.py", line 53, in wrapped_app
    raise exc
  File "/Users/best/Desktop/student-expense/venv/lib/python3.14/site-packages/starlette/_exception_handler.py", line 42, in wrapped_app
    await app(scope, receive, sender)
  File "/Users/best/Desktop/student-expense/venv/lib/python3.14/site-packages/starlette/routing.py", line 73, in app
    response = await f(request)
               ^^^^^^^^^^^^^^^^
  File "/Users/best/Desktop/student-expense/venv/lib/python3.14/site-packages/fastapi/routing.py", line 301, in app
    raw_response = await run_endpoint_function(
                   ^^^^^^^^^^^^^^^^^^^^^^^^^^^^
    ...<3 lines>...
    )
    ^
  File "/Users/best/Desktop/student-expense/venv/lib/python3.14/site-packages/fastapi/routing.py", line 214, in run_endpoint_function
    return await run_in_threadpool(dependant.call, **values)
           ^^^^^^^^^^^^^^^^^^^^^^^^^^^^^^^^^^^^^^^^^^^^^^^^^
  File "/Users/best/Desktop/student-expense/venv/lib/python3.14/site-packages/starlette/concurrency.py", line 39, in run_in_threadpool
    return await anyio.to_thread.run_sync(func, *args)
           ^^^^^^^^^^^^^^^^^^^^^^^^^^^^^^^^^^^^^^^^^^^
  File "/Users/best/Desktop/student-expense/venv/lib/python3.14/site-packages/anyio/to_thread.py", line 63, in run_sync
    return await get_async_backend().run_sync_in_worker_thread(
           ^^^^^^^^^^^^^^^^^^^^^^^^^^^^^^^^^^^^^^^^^^^^^^^^^^^^
        func, args, abandon_on_cancel=abandon_on_cancel, limiter=limiter
        ^^^^^^^^^^^^^^^^^^^^^^^^^^^^^^^^^^^^^^^^^^^^^^^^^^^^^^^^^^^^^^^^
    )
    ^
  File "/Users/best/Desktop/student-expense/venv/lib/python3.14/site-packages/anyio/_backends/_asyncio.py", line 2518, in run_sync_in_worker_thread
    return await future
           ^^^^^^^^^^^^
  File "/Users/best/Desktop/student-expense/venv/lib/python3.14/site-packages/anyio/_backends/_asyncio.py", line 1002, in run
    result = context.run(func, *args)
  File "/Users/best/Desktop/student-expense/backend/main.py", line 173, in login
    check_login_rate_limit(payload.email)
    ~~~~~~~~~~~~~~~~~~~~~~^^^^^^^^^^^^^^^
  File "/Users/best/Desktop/student-expense/backend/auth.py", line 146, in check_login_rate_limit
    attempts = redis_client.get(redis_key)
  File "/Users/best/Desktop/student-expense/venv/lib/python3.14/site-packages/redis/commands/core.py", line 3194, in get
    return self.execute_command("GET", name, keys=[name])
           ~~~~~~~~~~~~~~~~~~~~^^^^^^^^^^^^^^^^^^^^^^^^^^
  File "/Users/best/Desktop/student-expense/venv/lib/python3.14/site-packages/redis/client.py", line 787, in execute_command
    return self._execute_command(*args, **options)
           ~~~~~~~~~~~~~~~~~~~~~^^^^^^^^^^^^^^^^^^
  File "/Users/best/Desktop/student-expense/venv/lib/python3.14/site-packages/redis/client.py", line 793, in _execute_command
    conn = self.connection or pool.get_connection()
                              ~~~~~~~~~~~~~~~~~~~^^
  File "/Users/best/Desktop/student-expense/venv/lib/python3.14/site-packages/redis/utils.py", line 258, in wrapper
    return func(*args, **kwargs)
  File "/Users/best/Desktop/student-expense/venv/lib/python3.14/site-packages/redis/connection.py", line 3139, in get_connection
    connection.connect()
    ~~~~~~~~~~~~~~~~~~^^
  File "/Users/best/Desktop/student-expense/venv/lib/python3.14/site-packages/redis/connection.py", line 1006, in connect
    self.retry.call_with_retry(
    ~~~~~~~~~~~~~~~~~~~~~~~~~~^
        lambda: self.connect_check_health(
        ^^^^^^^^^^^^^^^^^^^^^^^^^^^^^^^^^^
    ...<2 lines>...
        lambda error: self.disconnect(error),
        ^^^^^^^^^^^^^^^^^^^^^^^^^^^^^^^^^^^^^
    )
    ^
  File "/Users/best/Desktop/student-expense/venv/lib/python3.14/site-packages/redis/retry.py", line 132, in call_with_retry
    raise error
  File "/Users/best/Desktop/student-expense/venv/lib/python3.14/site-packages/redis/retry.py", line 120, in call_with_retry
    return do()
  File "/Users/best/Desktop/student-expense/venv/lib/python3.14/site-packages/redis/connection.py", line 1007, in <lambda>
    lambda: self.connect_check_health(
            ~~~~~~~~~~~~~~~~~~~~~~~~~^
        check_health=True, retry_socket_connect=False
        ^^^^^^^^^^^^^^^^^^^^^^^^^^^^^^^^^^^^^^^^^^^^^
    ),
    ^
  File "/Users/best/Desktop/student-expense/venv/lib/python3.14/site-packages/redis/connection.py", line 1055, in connect_check_health
    raise e
redis.exceptions.ConnectionError: Error 61 connecting to localhost:6379. Connection refused.
2026-06-01 00:48:43 | INFO     | access | log_requests:73 | Request started: method=POST path=/api/auth/login client=127.0.0.1
2026-06-01 00:48:43 | ERROR    | backend.database | get_db:67 | Database session error: Error 61 connecting to localhost:6379. Connection refused.
2026-06-01 00:48:43 | ERROR    | main | log_requests:99 | Request failed: method=POST path=/api/auth/login error=Error 61 connecting to localhost:6379. Connection refused. duration=0.002s
Traceback (most recent call last):
  File "/Users/best/Desktop/student-expense/venv/lib/python3.14/site-packages/starlette/middleware/base.py", line 157, in call_next
    message = await recv_stream.receive()
              ^^^^^^^^^^^^^^^^^^^^^^^^^^^
  File "/Users/best/Desktop/student-expense/venv/lib/python3.14/site-packages/anyio/streams/memory.py", line 132, in receive
    raise EndOfStream from None
anyio.EndOfStream

During handling of the above exception, another exception occurred:

Traceback (most recent call last):
  File "/Users/best/Desktop/student-expense/backend/main.py", line 79, in log_requests
    response = await call_next(request)
               ^^^^^^^^^^^^^^^^^^^^^^^^
  File "/Users/best/Desktop/student-expense/venv/lib/python3.14/site-packages/starlette/middleware/base.py", line 163, in call_next
    raise app_exc
  File "/Users/best/Desktop/student-expense/venv/lib/python3.14/site-packages/starlette/middleware/base.py", line 149, in coro
    await self.app(scope, receive_or_disconnect, send_no_error)
  File "/Users/best/Desktop/student-expense/venv/lib/python3.14/site-packages/starlette/middleware/cors.py", line 93, in __call__
    await self.simple_response(scope, receive, send, request_headers=headers)
  File "/Users/best/Desktop/student-expense/venv/lib/python3.14/site-packages/starlette/middleware/cors.py", line 144, in simple_response
    await self.app(scope, receive, send)
  File "/Users/best/Desktop/student-expense/venv/lib/python3.14/site-packages/starlette/middleware/exceptions.py", line 62, in __call__
    await wrap_app_handling_exceptions(self.app, conn)(scope, receive, send)
  File "/Users/best/Desktop/student-expense/venv/lib/python3.14/site-packages/starlette/_exception_handler.py", line 53, in wrapped_app
    raise exc
  File "/Users/best/Desktop/student-expense/venv/lib/python3.14/site-packages/starlette/_exception_handler.py", line 42, in wrapped_app
    await app(scope, receive, sender)
  File "/Users/best/Desktop/student-expense/venv/lib/python3.14/site-packages/starlette/routing.py", line 715, in __call__
    await self.middleware_stack(scope, receive, send)
  File "/Users/best/Desktop/student-expense/venv/lib/python3.14/site-packages/starlette/routing.py", line 735, in app
    await route.handle(scope, receive, send)
  File "/Users/best/Desktop/student-expense/venv/lib/python3.14/site-packages/starlette/routing.py", line 288, in handle
    await self.app(scope, receive, send)
  File "/Users/best/Desktop/student-expense/venv/lib/python3.14/site-packages/starlette/routing.py", line 76, in app
    await wrap_app_handling_exceptions(app, request)(scope, receive, send)
  File "/Users/best/Desktop/student-expense/venv/lib/python3.14/site-packages/starlette/_exception_handler.py", line 53, in wrapped_app
    raise exc
  File "/Users/best/Desktop/student-expense/venv/lib/python3.14/site-packages/starlette/_exception_handler.py", line 42, in wrapped_app
    await app(scope, receive, sender)
  File "/Users/best/Desktop/student-expense/venv/lib/python3.14/site-packages/starlette/routing.py", line 73, in app
    response = await f(request)
               ^^^^^^^^^^^^^^^^
  File "/Users/best/Desktop/student-expense/venv/lib/python3.14/site-packages/fastapi/routing.py", line 301, in app
    raw_response = await run_endpoint_function(
                   ^^^^^^^^^^^^^^^^^^^^^^^^^^^^
    ...<3 lines>...
    )
    ^
  File "/Users/best/Desktop/student-expense/venv/lib/python3.14/site-packages/fastapi/routing.py", line 214, in run_endpoint_function
    return await run_in_threadpool(dependant.call, **values)
           ^^^^^^^^^^^^^^^^^^^^^^^^^^^^^^^^^^^^^^^^^^^^^^^^^
  File "/Users/best/Desktop/student-expense/venv/lib/python3.14/site-packages/starlette/concurrency.py", line 39, in run_in_threadpool
    return await anyio.to_thread.run_sync(func, *args)
           ^^^^^^^^^^^^^^^^^^^^^^^^^^^^^^^^^^^^^^^^^^^
  File "/Users/best/Desktop/student-expense/venv/lib/python3.14/site-packages/anyio/to_thread.py", line 63, in run_sync
    return await get_async_backend().run_sync_in_worker_thread(
           ^^^^^^^^^^^^^^^^^^^^^^^^^^^^^^^^^^^^^^^^^^^^^^^^^^^^
        func, args, abandon_on_cancel=abandon_on_cancel, limiter=limiter
        ^^^^^^^^^^^^^^^^^^^^^^^^^^^^^^^^^^^^^^^^^^^^^^^^^^^^^^^^^^^^^^^^
    )
    ^
  File "/Users/best/Desktop/student-expense/venv/lib/python3.14/site-packages/anyio/_backends/_asyncio.py", line 2518, in run_sync_in_worker_thread
    return await future
           ^^^^^^^^^^^^
  File "/Users/best/Desktop/student-expense/venv/lib/python3.14/site-packages/anyio/_backends/_asyncio.py", line 1002, in run
    result = context.run(func, *args)
  File "/Users/best/Desktop/student-expense/backend/main.py", line 173, in login
    check_login_rate_limit(payload.email)
    ~~~~~~~~~~~~~~~~~~~~~~^^^^^^^^^^^^^^^
  File "/Users/best/Desktop/student-expense/backend/auth.py", line 146, in check_login_rate_limit
    attempts = redis_client.get(redis_key)
  File "/Users/best/Desktop/student-expense/venv/lib/python3.14/site-packages/redis/commands/core.py", line 3194, in get
    return self.execute_command("GET", name, keys=[name])
           ~~~~~~~~~~~~~~~~~~~~^^^^^^^^^^^^^^^^^^^^^^^^^^
  File "/Users/best/Desktop/student-expense/venv/lib/python3.14/site-packages/redis/client.py", line 787, in execute_command
    return self._execute_command(*args, **options)
           ~~~~~~~~~~~~~~~~~~~~~^^^^^^^^^^^^^^^^^^
  File "/Users/best/Desktop/student-expense/venv/lib/python3.14/site-packages/redis/client.py", line 793, in _execute_command
    conn = self.connection or pool.get_connection()
                              ~~~~~~~~~~~~~~~~~~~^^
  File "/Users/best/Desktop/student-expense/venv/lib/python3.14/site-packages/redis/utils.py", line 258, in wrapper
    return func(*args, **kwargs)
  File "/Users/best/Desktop/student-expense/venv/lib/python3.14/site-packages/redis/connection.py", line 3139, in get_connection
    connection.connect()
    ~~~~~~~~~~~~~~~~~~^^
  File "/Users/best/Desktop/student-expense/venv/lib/python3.14/site-packages/redis/connection.py", line 1006, in connect
    self.retry.call_with_retry(
    ~~~~~~~~~~~~~~~~~~~~~~~~~~^
        lambda: self.connect_check_health(
        ^^^^^^^^^^^^^^^^^^^^^^^^^^^^^^^^^^
    ...<2 lines>...
        lambda error: self.disconnect(error),
        ^^^^^^^^^^^^^^^^^^^^^^^^^^^^^^^^^^^^^
    )
    ^
  File "/Users/best/Desktop/student-expense/venv/lib/python3.14/site-packages/redis/retry.py", line 132, in call_with_retry
    raise error
  File "/Users/best/Desktop/student-expense/venv/lib/python3.14/site-packages/redis/retry.py", line 120, in call_with_retry
    return do()
  File "/Users/best/Desktop/student-expense/venv/lib/python3.14/site-packages/redis/connection.py", line 1007, in <lambda>
    lambda: self.connect_check_health(
            ~~~~~~~~~~~~~~~~~~~~~~~~~^
        check_health=True, retry_socket_connect=False
        ^^^^^^^^^^^^^^^^^^^^^^^^^^^^^^^^^^^^^^^^^^^^^
    ),
    ^
  File "/Users/best/Desktop/student-expense/venv/lib/python3.14/site-packages/redis/connection.py", line 1055, in connect_check_health
    raise e
redis.exceptions.ConnectionError: Error 61 connecting to localhost:6379. Connection refused.
2026-06-01 00:52:00 | INFO     | backend.logging_config | setup_logging:110 | Logging configured successfully (mode: production)
2026-06-01 00:52:00 | INFO     | main | startup:110 | Starting StudentSpend API server...
2026-06-01 00:52:01 | INFO     | main | startup:116 | StudentSpend API server started successfully
2026-06-01 00:52:01 | INFO     | backend.logging_config | setup_logging:110 | Logging configured successfully (mode: production)
2026-06-01 00:52:01 | INFO     | main | startup:110 | Starting StudentSpend API server...
2026-06-01 00:52:01 | INFO     | main | startup:116 | StudentSpend API server started successfully
2026-06-01 00:52:55 | INFO     | access | log_requests:74 | Request started: method=POST path=/api/auth/login client=127.0.0.1
2026-06-01 00:52:55 | ERROR    | backend.auth | check_login_rate_limit:159 | Redis error in check_login_rate_limit: Error 61 connecting to localhost:6379. Connection refused.
2026-06-01 00:52:56 | INFO     | backend.auth | authenticate_user:132 | User authenticated successfully: user_id=1, email=debbieofficial214@gmail.com
2026-06-01 00:52:56 | ERROR    | backend.auth | clear_failed_logins:189 | Redis error in clear_failed_logins: Error 61 connecting to localhost:6379. Connection refused.
2026-06-01 00:52:56 | INFO     | main | login:187 | Login successful: user_id=1, email=debbieofficial214@gmail.com, ip=127.0.0.1
2026-06-01 00:52:56 | INFO     | access | log_requests:84 | Request completed: method=POST path=/api/auth/login status=200 duration=0.266s
2026-06-01 00:52:56 | INFO     | access | log_requests:74 | Request started: method=OPTIONS path=/api/state client=127.0.0.1
2026-06-01 00:52:56 | INFO     | access | log_requests:84 | Request completed: method=OPTIONS path=/api/state status=200 duration=0.000s
2026-06-01 00:52:56 | INFO     | access | log_requests:74 | Request started: method=GET path=/api/state client=127.0.0.1
2026-06-01 00:52:56 | INFO     | main | cleanup_expired_data:842 | Background cleanup: expired tokens and codes purged.
2026-06-01 00:52:56 | ERROR    | backend.auth | check_api_rate_limit:211 | Redis error in check_api_rate_limit: Error 61 connecting to localhost:6379. Connection refused.
2026-06-01 00:52:56 | ERROR    | main | read_state:336 | Redis cache read error: Error 61 connecting to localhost:6379. Connection refused.
2026-06-01 00:52:56 | ERROR    | backend.auth | invalidate_state_cache:220 | Redis error in invalidate_state_cache: Error 61 connecting to localhost:6379. Connection refused.
2026-06-01 00:52:56 | ERROR    | main | read_state:353 | Redis cache write error: Error 61 connecting to localhost:6379. Connection refused.
2026-06-01 00:52:56 | ERROR    | backend.database | get_db:67 | Database session error: 1 validation errors:
  {'type': 'model_attributes_type', 'loc': ('response', 'settings'), 'msg': 'Input should be a valid dictionary or object to extract fields from', 'input': None}

2026-06-01 00:52:56 | ERROR    | main | log_requests:100 | Request failed: method=GET path=/api/state error=1 validation errors:
  {'type': 'model_attributes_type', 'loc': ('response', 'settings'), 'msg': 'Input should be a valid dictionary or object to extract fields from', 'input': None}
 duration=0.030s
Traceback (most recent call last):
  File "/Users/best/Desktop/student-expense/venv/lib/python3.14/site-packages/starlette/middleware/base.py", line 157, in call_next
    message = await recv_stream.receive()
              ^^^^^^^^^^^^^^^^^^^^^^^^^^^
  File "/Users/best/Desktop/student-expense/venv/lib/python3.14/site-packages/anyio/streams/memory.py", line 132, in receive
    raise EndOfStream from None
anyio.EndOfStream

During handling of the above exception, another exception occurred:

Traceback (most recent call last):
  File "/Users/best/Desktop/student-expense/backend/main.py", line 80, in log_requests
    response = await call_next(request)
               ^^^^^^^^^^^^^^^^^^^^^^^^
  File "/Users/best/Desktop/student-expense/venv/lib/python3.14/site-packages/starlette/middleware/base.py", line 163, in call_next
    raise app_exc
  File "/Users/best/Desktop/student-expense/venv/lib/python3.14/site-packages/starlette/middleware/base.py", line 149, in coro
    await self.app(scope, receive_or_disconnect, send_no_error)
  File "/Users/best/Desktop/student-expense/venv/lib/python3.14/site-packages/starlette/middleware/cors.py", line 93, in __call__
    await self.simple_response(scope, receive, send, request_headers=headers)
  File "/Users/best/Desktop/student-expense/venv/lib/python3.14/site-packages/starlette/middleware/cors.py", line 144, in simple_response
    await self.app(scope, receive, send)
  File "/Users/best/Desktop/student-expense/venv/lib/python3.14/site-packages/starlette/middleware/exceptions.py", line 62, in __call__
    await wrap_app_handling_exceptions(self.app, conn)(scope, receive, send)
  File "/Users/best/Desktop/student-expense/venv/lib/python3.14/site-packages/starlette/_exception_handler.py", line 53, in wrapped_app
    raise exc
  File "/Users/best/Desktop/student-expense/venv/lib/python3.14/site-packages/starlette/_exception_handler.py", line 42, in wrapped_app
    await app(scope, receive, sender)
  File "/Users/best/Desktop/student-expense/venv/lib/python3.14/site-packages/starlette/routing.py", line 715, in __call__
    await self.middleware_stack(scope, receive, send)
  File "/Users/best/Desktop/student-expense/venv/lib/python3.14/site-packages/starlette/routing.py", line 735, in app
    await route.handle(scope, receive, send)
  File "/Users/best/Desktop/student-expense/venv/lib/python3.14/site-packages/starlette/routing.py", line 288, in handle
    await self.app(scope, receive, send)
  File "/Users/best/Desktop/student-expense/venv/lib/python3.14/site-packages/starlette/routing.py", line 76, in app
    await wrap_app_handling_exceptions(app, request)(scope, receive, send)
  File "/Users/best/Desktop/student-expense/venv/lib/python3.14/site-packages/starlette/_exception_handler.py", line 53, in wrapped_app
    raise exc
  File "/Users/best/Desktop/student-expense/venv/lib/python3.14/site-packages/starlette/_exception_handler.py", line 42, in wrapped_app
    await app(scope, receive, sender)
  File "/Users/best/Desktop/student-expense/venv/lib/python3.14/site-packages/starlette/routing.py", line 73, in app
    response = await f(request)
               ^^^^^^^^^^^^^^^^
  File "/Users/best/Desktop/student-expense/venv/lib/python3.14/site-packages/fastapi/routing.py", line 327, in app
    content = await serialize_response(
              ^^^^^^^^^^^^^^^^^^^^^^^^^
    ...<9 lines>...
    )
    ^
  File "/Users/best/Desktop/student-expense/venv/lib/python3.14/site-packages/fastapi/routing.py", line 176, in serialize_response
    raise ResponseValidationError(
        errors=_normalize_errors(errors), body=response_content
    )
fastapi.exceptions.ResponseValidationError: 1 validation errors:
  {'type': 'model_attributes_type', 'loc': ('response', 'settings'), 'msg': 'Input should be a valid dictionary or object to extract fields from', 'input': None}

2026-06-01 00:54:09 | INFO     | access | log_requests:74 | Request started: method=OPTIONS path=/api/auth/logout client=127.0.0.1
2026-06-01 00:54:09 | INFO     | access | log_requests:84 | Request completed: method=OPTIONS path=/api/auth/logout status=200 duration=0.002s
2026-06-01 00:54:09 | INFO     | access | log_requests:74 | Request started: method=POST path=/api/auth/logout client=127.0.0.1
2026-06-01 00:54:09 | INFO     | access | log_requests:84 | Request completed: method=POST path=/api/auth/logout status=200 duration=0.006s
2026-06-01 00:54:10 | INFO     | access | log_requests:74 | Request started: method=POST path=/api/auth/logout client=127.0.0.1
2026-06-01 00:54:10 | ERROR    | backend.database | get_db:67 | Database session error: 401: Authentication required
2026-06-01 00:54:10 | INFO     | access | log_requests:84 | Request completed: method=POST path=/api/auth/logout status=401 duration=0.001s
2026-06-01 00:54:10 | INFO     | access | log_requests:74 | Request started: method=OPTIONS path=/api/auth/refresh client=127.0.0.1
2026-06-01 00:54:10 | INFO     | access | log_requests:84 | Request completed: method=OPTIONS path=/api/auth/refresh status=200 duration=0.000s
2026-06-01 00:54:10 | INFO     | access | log_requests:74 | Request started: method=POST path=/api/auth/refresh client=127.0.0.1
2026-06-01 00:54:10 | ERROR    | backend.database | get_db:67 | Database session error: 401: Missing refresh token
2026-06-01 00:54:10 | INFO     | access | log_requests:84 | Request completed: method=POST path=/api/auth/refresh status=401 duration=0.001s
2026-06-01 00:54:11 | INFO     | access | log_requests:74 | Request started: method=POST path=/api/auth/logout client=127.0.0.1
2026-06-01 00:54:11 | ERROR    | backend.database | get_db:67 | Database session error: 401: Authentication required
2026-06-01 00:54:11 | INFO     | access | log_requests:84 | Request completed: method=POST path=/api/auth/logout status=401 duration=0.001s
2026-06-01 00:54:11 | INFO     | access | log_requests:74 | Request started: method=POST path=/api/auth/refresh client=127.0.0.1
2026-06-01 00:54:11 | ERROR    | backend.database | get_db:67 | Database session error: 401: Missing refresh token
2026-06-01 00:54:11 | INFO     | access | log_requests:84 | Request completed: method=POST path=/api/auth/refresh status=401 duration=0.001s
2026-06-01 00:54:11 | INFO     | access | log_requests:74 | Request started: method=POST path=/api/auth/logout client=127.0.0.1
2026-06-01 00:54:11 | ERROR    | backend.database | get_db:67 | Database session error: 401: Authentication required
2026-06-01 00:54:11 | INFO     | access | log_requests:84 | Request completed: method=POST path=/api/auth/logout status=401 duration=0.001s
2026-06-01 00:54:11 | INFO     | access | log_requests:74 | Request started: method=POST path=/api/auth/refresh client=127.0.0.1
2026-06-01 00:54:11 | ERROR    | backend.database | get_db:67 | Database session error: 401: Missing refresh token
2026-06-01 00:54:11 | INFO     | access | log_requests:84 | Request completed: method=POST path=/api/auth/refresh status=401 duration=0.001s
2026-06-01 00:54:11 | INFO     | access | log_requests:74 | Request started: method=POST path=/api/auth/logout client=127.0.0.1
2026-06-01 00:54:11 | ERROR    | backend.database | get_db:67 | Database session error: 401: Authentication required
2026-06-01 00:54:11 | INFO     | access | log_requests:84 | Request completed: method=POST path=/api/auth/logout status=401 duration=0.001s
2026-06-01 00:54:11 | INFO     | access | log_requests:74 | Request started: method=POST path=/api/auth/refresh client=127.0.0.1
2026-06-01 00:54:11 | ERROR    | backend.database | get_db:67 | Database session error: 401: Missing refresh token
2026-06-01 00:54:11 | INFO     | access | log_requests:84 | Request completed: method=POST path=/api/auth/refresh status=401 duration=0.001s
2026-06-01 00:54:14 | INFO     | access | log_requests:74 | Request started: method=POST path=/api/auth/logout client=127.0.0.1
2026-06-01 00:54:14 | ERROR    | backend.database | get_db:67 | Database session error: 401: Authentication required
2026-06-01 00:54:14 | INFO     | access | log_requests:84 | Request completed: method=POST path=/api/auth/logout status=401 duration=0.001s
2026-06-01 00:54:14 | INFO     | access | log_requests:74 | Request started: method=POST path=/api/auth/refresh client=127.0.0.1
2026-06-01 00:54:14 | ERROR    | backend.database | get_db:67 | Database session error: 401: Missing refresh token
2026-06-01 00:54:14 | INFO     | access | log_requests:84 | Request completed: method=POST path=/api/auth/refresh status=401 duration=0.001s
2026-06-01 00:54:14 | INFO     | access | log_requests:74 | Request started: method=POST path=/api/auth/logout client=127.0.0.1
2026-06-01 00:54:14 | ERROR    | backend.database | get_db:67 | Database session error: 401: Authentication required
2026-06-01 00:54:14 | INFO     | access | log_requests:84 | Request completed: method=POST path=/api/auth/logout status=401 duration=0.001s
2026-06-01 00:54:14 | INFO     | access | log_requests:74 | Request started: method=POST path=/api/auth/refresh client=127.0.0.1
2026-06-01 00:54:14 | ERROR    | backend.database | get_db:67 | Database session error: 401: Missing refresh token
2026-06-01 00:54:14 | INFO     | access | log_requests:84 | Request completed: method=POST path=/api/auth/refresh status=401 duration=0.001s
2026-06-01 00:54:14 | INFO     | access | log_requests:74 | Request started: method=POST path=/api/auth/logout client=127.0.0.1
2026-06-01 00:54:14 | ERROR    | backend.database | get_db:67 | Database session error: 401: Authentication required
2026-06-01 00:54:14 | INFO     | access | log_requests:84 | Request completed: method=POST path=/api/auth/logout status=401 duration=0.001s
2026-06-01 00:54:14 | INFO     | access | log_requests:74 | Request started: method=POST path=/api/auth/refresh client=127.0.0.1
2026-06-01 00:54:14 | ERROR    | backend.database | get_db:67 | Database session error: 401: Missing refresh token
2026-06-01 00:54:14 | INFO     | access | log_requests:84 | Request completed: method=POST path=/api/auth/refresh status=401 duration=0.000s
2026-06-01 00:56:20 | INFO     | access | log_requests:74 | Request started: method=POST path=/api/auth/login client=127.0.0.1
2026-06-01 00:56:20 | ERROR    | backend.auth | check_login_rate_limit:159 | Redis error in check_login_rate_limit: Error 61 connecting to localhost:6379. Connection refused.
2026-06-01 00:56:21 | INFO     | backend.auth | authenticate_user:132 | User authenticated successfully: user_id=1, email=debbieofficial214@gmail.com
2026-06-01 00:56:21 | ERROR    | backend.auth | clear_failed_logins:189 | Redis error in clear_failed_logins: Error 61 connecting to localhost:6379. Connection refused.
2026-06-01 00:56:21 | INFO     | main | login:187 | Login successful: user_id=1, email=debbieofficial214@gmail.com, ip=127.0.0.1
2026-06-01 00:56:21 | INFO     | access | log_requests:84 | Request completed: method=POST path=/api/auth/login status=200 duration=0.390s
2026-06-01 00:56:21 | INFO     | access | log_requests:74 | Request started: method=GET path=/api/state client=127.0.0.1
2026-06-01 00:56:21 | ERROR    | backend.auth | check_api_rate_limit:211 | Redis error in check_api_rate_limit: Error 61 connecting to localhost:6379. Connection refused.
2026-06-01 00:56:21 | ERROR    | main | read_state:336 | Redis cache read error: Error 61 connecting to localhost:6379. Connection refused.
2026-06-01 00:56:21 | INFO     | main | cleanup_expired_data:842 | Background cleanup: expired tokens and codes purged.
2026-06-01 00:56:21 | ERROR    | backend.auth | invalidate_state_cache:220 | Redis error in invalidate_state_cache: Error 61 connecting to localhost:6379. Connection refused.
2026-06-01 00:56:21 | ERROR    | main | read_state:353 | Redis cache write error: Error 61 connecting to localhost:6379. Connection refused.
2026-06-01 00:56:21 | ERROR    | backend.database | get_db:67 | Database session error: 1 validation errors:
  {'type': 'model_attributes_type', 'loc': ('response', 'settings'), 'msg': 'Input should be a valid dictionary or object to extract fields from', 'input': None}

2026-06-01 00:56:21 | ERROR    | main | log_requests:100 | Request failed: method=GET path=/api/state error=1 validation errors:
  {'type': 'model_attributes_type', 'loc': ('response', 'settings'), 'msg': 'Input should be a valid dictionary or object to extract fields from', 'input': None}
 duration=0.020s
Traceback (most recent call last):
  File "/Users/best/Desktop/student-expense/venv/lib/python3.14/site-packages/starlette/middleware/base.py", line 157, in call_next
    message = await recv_stream.receive()
              ^^^^^^^^^^^^^^^^^^^^^^^^^^^
  File "/Users/best/Desktop/student-expense/venv/lib/python3.14/site-packages/anyio/streams/memory.py", line 132, in receive
    raise EndOfStream from None
anyio.EndOfStream

During handling of the above exception, another exception occurred:

Traceback (most recent call last):
  File "/Users/best/Desktop/student-expense/backend/main.py", line 80, in log_requests
    response = await call_next(request)
               ^^^^^^^^^^^^^^^^^^^^^^^^
  File "/Users/best/Desktop/student-expense/venv/lib/python3.14/site-packages/starlette/middleware/base.py", line 163, in call_next
    raise app_exc
  File "/Users/best/Desktop/student-expense/venv/lib/python3.14/site-packages/starlette/middleware/base.py", line 149, in coro
    await self.app(scope, receive_or_disconnect, send_no_error)
  File "/Users/best/Desktop/student-expense/venv/lib/python3.14/site-packages/starlette/middleware/cors.py", line 93, in __call__
    await self.simple_response(scope, receive, send, request_headers=headers)
  File "/Users/best/Desktop/student-expense/venv/lib/python3.14/site-packages/starlette/middleware/cors.py", line 144, in simple_response
    await self.app(scope, receive, send)
  File "/Users/best/Desktop/student-expense/venv/lib/python3.14/site-packages/starlette/middleware/exceptions.py", line 62, in __call__
    await wrap_app_handling_exceptions(self.app, conn)(scope, receive, send)
  File "/Users/best/Desktop/student-expense/venv/lib/python3.14/site-packages/starlette/_exception_handler.py", line 53, in wrapped_app
    raise exc
  File "/Users/best/Desktop/student-expense/venv/lib/python3.14/site-packages/starlette/_exception_handler.py", line 42, in wrapped_app
    await app(scope, receive, sender)
  File "/Users/best/Desktop/student-expense/venv/lib/python3.14/site-packages/starlette/routing.py", line 715, in __call__
    await self.middleware_stack(scope, receive, send)
  File "/Users/best/Desktop/student-expense/venv/lib/python3.14/site-packages/starlette/routing.py", line 735, in app
    await route.handle(scope, receive, send)
  File "/Users/best/Desktop/student-expense/venv/lib/python3.14/site-packages/starlette/routing.py", line 288, in handle
    await self.app(scope, receive, send)
  File "/Users/best/Desktop/student-expense/venv/lib/python3.14/site-packages/starlette/routing.py", line 76, in app
    await wrap_app_handling_exceptions(app, request)(scope, receive, send)
  File "/Users/best/Desktop/student-expense/venv/lib/python3.14/site-packages/starlette/_exception_handler.py", line 53, in wrapped_app
    raise exc
  File "/Users/best/Desktop/student-expense/venv/lib/python3.14/site-packages/starlette/_exception_handler.py", line 42, in wrapped_app
    await app(scope, receive, sender)
  File "/Users/best/Desktop/student-expense/venv/lib/python3.14/site-packages/starlette/routing.py", line 73, in app
    response = await f(request)
               ^^^^^^^^^^^^^^^^
  File "/Users/best/Desktop/student-expense/venv/lib/python3.14/site-packages/fastapi/routing.py", line 327, in app
    content = await serialize_response(
              ^^^^^^^^^^^^^^^^^^^^^^^^^
    ...<9 lines>...
    )
    ^
  File "/Users/best/Desktop/student-expense/venv/lib/python3.14/site-packages/fastapi/routing.py", line 176, in serialize_response
    raise ResponseValidationError(
        errors=_normalize_errors(errors), body=response_content
    )
fastapi.exceptions.ResponseValidationError: 1 validation errors:
  {'type': 'model_attributes_type', 'loc': ('response', 'settings'), 'msg': 'Input should be a valid dictionary or object to extract fields from', 'input': None}

2026-06-01 00:56:22 | INFO     | access | log_requests:74 | Request started: method=POST path=/api/auth/logout client=127.0.0.1
2026-06-01 00:56:22 | INFO     | access | log_requests:84 | Request completed: method=POST path=/api/auth/logout status=200 duration=0.007s
2026-06-01 00:56:23 | INFO     | access | log_requests:74 | Request started: method=POST path=/api/auth/logout client=127.0.0.1
2026-06-01 00:56:23 | ERROR    | backend.database | get_db:67 | Database session error: 401: Authentication required
2026-06-01 00:56:23 | INFO     | access | log_requests:84 | Request completed: method=POST path=/api/auth/logout status=401 duration=0.003s
2026-06-01 00:56:23 | INFO     | access | log_requests:74 | Request started: method=POST path=/api/auth/refresh client=127.0.0.1
2026-06-01 00:56:23 | ERROR    | backend.database | get_db:67 | Database session error: 401: Missing refresh token
2026-06-01 00:56:23 | INFO     | access | log_requests:84 | Request completed: method=POST path=/api/auth/refresh status=401 duration=0.002s
2026-06-01 00:56:23 | INFO     | access | log_requests:74 | Request started: method=POST path=/api/auth/logout client=127.0.0.1
2026-06-01 00:56:23 | ERROR    | backend.database | get_db:67 | Database session error: 401: Authentication required
2026-06-01 00:56:23 | INFO     | access | log_requests:84 | Request completed: method=POST path=/api/auth/logout status=401 duration=0.001s
2026-06-01 00:56:23 | INFO     | access | log_requests:74 | Request started: method=POST path=/api/auth/refresh client=127.0.0.1
2026-06-01 00:56:23 | ERROR    | backend.database | get_db:67 | Database session error: 401: Missing refresh token
2026-06-01 00:56:23 | INFO     | access | log_requests:84 | Request completed: method=POST path=/api/auth/refresh status=401 duration=0.001s
2026-06-01 00:56:23 | INFO     | access | log_requests:74 | Request started: method=POST path=/api/auth/logout client=127.0.0.1
2026-06-01 00:56:23 | ERROR    | backend.database | get_db:67 | Database session error: 401: Authentication required
2026-06-01 00:56:23 | INFO     | access | log_requests:84 | Request completed: method=POST path=/api/auth/logout status=401 duration=0.002s
2026-06-01 00:56:23 | INFO     | access | log_requests:74 | Request started: method=POST path=/api/auth/refresh client=127.0.0.1
2026-06-01 00:56:23 | ERROR    | backend.database | get_db:67 | Database session error: 401: Missing refresh token
2026-06-01 00:56:23 | INFO     | access | log_requests:84 | Request completed: method=POST path=/api/auth/refresh status=401 duration=0.001s
2026-06-01 00:56:23 | INFO     | access | log_requests:74 | Request started: method=POST path=/api/auth/logout client=127.0.0.1
2026-06-01 00:56:23 | ERROR    | backend.database | get_db:67 | Database session error: 401: Authentication required
2026-06-01 00:56:23 | INFO     | access | log_requests:84 | Request completed: method=POST path=/api/auth/logout status=401 duration=0.003s
2026-06-01 00:56:23 | INFO     | access | log_requests:74 | Request started: method=POST path=/api/auth/refresh client=127.0.0.1
2026-06-01 00:56:23 | ERROR    | backend.database | get_db:67 | Database session error: 401: Missing refresh token
2026-06-01 00:56:23 | INFO     | access | log_requests:84 | Request completed: method=POST path=/api/auth/refresh status=401 duration=0.002s
{"timestamp":"2026-06-03T06:59:28+0100","level":"INFO","logger":"backend.logging_config","message":"Logging configured successfully (mode: production)"}
{"timestamp":"2026-06-03T06:59:44+0100","level":"INFO","logger":"backend.logging_config","message":"Logging configured successfully (mode: production)"}
{"timestamp":"2026-06-03T06:59:44+0100","level":"INFO","logger":"access","message":"request_started","request_id":"test-request","correlation_id":"test-request","method":"GET","path":"/health","client_ip":"testclient","api_version":"v1","event":"request_started"}
{"timestamp":"2026-06-03T06:59:44+0100","level":"INFO","logger":"access","message":"health_check","request_id":"test-request","correlation_id":"test-request","method":"GET","path":"/health","status_code":200,"client_ip":"testclient","api_version":"v1","event":"health_check"}
{"timestamp":"2026-06-03T06:59:44+0100","level":"INFO","logger":"access","message":"request_completed","request_id":"test-request","correlation_id":"test-request","method":"GET","path":"/health","status_code":200,"duration_ms":3.01,"client_ip":"testclient","api_version":"v1","event":"request_completed"}
{"timestamp":"2026-06-03T06:59:44+0100","level":"INFO","logger":"httpx","message":"HTTP Request: GET http://testserver/health \"HTTP/1.1 200 OK\""}
{"timestamp":"2026-06-04T09:52:26+0100","level":"INFO","logger":"backend.logging_config","message":"Logging configured successfully (mode: production)"}
{"timestamp":"2026-06-04T09:52:41+0100","level":"INFO","logger":"backend.logging_config","message":"Logging configured successfully (mode: production)"}
{"timestamp":"2026-06-04T09:53:47+0100","level":"INFO","logger":"backend.logging_config","message":"Logging configured successfully (mode: production)"}
{"timestamp":"2026-06-06T19:07:48+0100","level":"INFO","logger":"backend.logging_config","message":"Logging configured successfully (mode: production)"}
{"timestamp":"2026-06-06T19:07:48+0100","level":"INFO","logger":"main","message":"Starting StudentSpend API server..."}
{"timestamp":"2026-06-06T19:07:49+0100","level":"INFO","logger":"main","message":"StudentSpend API server started successfully"}
{"timestamp":"2026-06-06T19:07:49+0100","level":"ERROR","logger":"main","message":"Database backup failed: [Errno 2] No such file or directory: 'pg_dump'"}
{"timestamp":"2026-06-06T19:12:49+0100","level":"ERROR","logger":"main","message":"Database backup failed: [Errno 2] No such file or directory: 'pg_dump'"}
{"timestamp":"2026-06-06T19:17:50+0100","level":"ERROR","logger":"main","message":"Database backup failed: [Errno 2] No such file or directory: 'pg_dump'"}
{"timestamp":"2026-06-06T19:19:14+0100","level":"INFO","logger":"access","message":"request_started","request_id":"26bfb2c9-295b-4c5a-8220-f0793b0ff46a","correlation_id":"26bfb2c9-295b-4c5a-8220-f0793b0ff46a","method":"OPTIONS","path":"/api/auth/login","client_ip":"127.0.0.1","api_version":"v1","event":"request_started"}
{"timestamp":"2026-06-06T19:19:14+0100","level":"INFO","logger":"access","message":"request_completed","request_id":"26bfb2c9-295b-4c5a-8220-f0793b0ff46a","correlation_id":"26bfb2c9-295b-4c5a-8220-f0793b0ff46a","method":"OPTIONS","path":"/api/auth/login","status_code":200,"duration_ms":1.61,"client_ip":"127.0.0.1","api_version":"v1","event":"request_completed"}
{"timestamp":"2026-06-06T19:19:14+0100","level":"INFO","logger":"access","message":"request_started","request_id":"5e1120e2-219e-4928-aa9a-b248e244ef73","correlation_id":"5e1120e2-219e-4928-aa9a-b248e244ef73","method":"POST","path":"/api/auth/login","client_ip":"127.0.0.1","api_version":"v1","event":"request_started"}
{"timestamp":"2026-06-06T19:19:14+0100","level":"ERROR","logger":"backend.auth","message":"Redis error in check_login_rate_limit: Error 61 connecting to localhost:6379. Connection refused."}
{"timestamp":"2026-06-06T19:19:14+0100","level":"ERROR","logger":"backend.database","message":"Database session error: (psycopg.errors.UndefinedColumn) column users.role does not exist\nLINE 1: ...sers.two_factor_enabled, users.two_factor_secret, users.role...\n                                                             ^\n[SQL: SELECT users.id, users.name, users.first_name, users.last_name, users.gender, users.email, users.password_hash, users.email_verified, users.two_factor_enabled, users.two_factor_secret, users.role, users.failed_login_attempts, users.locked_until, users.allowance, users.preferred_range, users.custom_range_start, users.custom_range_end \nFROM users \nWHERE users.email = %(email_1)s::VARCHAR]\n[parameters: {'email_1': 'debbieofficial214@gmail.com'}]\n(Background on this error at: https://sqlalche.me/e/20/f405)"}
{"timestamp":"2026-06-06T19:19:14+0100","level":"ERROR","logger":"main","message":"request_failed","request_id":"5e1120e2-219e-4928-aa9a-b248e244ef73","correlation_id":"5e1120e2-219e-4928-aa9a-b248e244ef73","method":"POST","path":"/api/auth/login","duration_ms":31.85,"client_ip":"127.0.0.1","api_version":"v1","event":"request_failed","exception":"Traceback (most recent call last):\n  File \"/Users/best/Desktop/student-expense/venv/lib/python3.14/site-packages/sqlalchemy/engine/base.py\", line 1967, in _exec_single_context\n    self.dialect.do_execute(\n    ~~~~~~~~~~~~~~~~~~~~~~~^\n        cursor, str_statement, effective_parameters, context\n        ^^^^^^^^^^^^^^^^^^^^^^^^^^^^^^^^^^^^^^^^^^^^^^^^^^^^\n    )\n    ^\n  File \"/Users/best/Desktop/student-expense/venv/lib/python3.14/site-packages/sqlalchemy/engine/default.py\", line 941, in do_execute\n    cursor.execute(statement, parameters)\n    ~~~~~~~~~~~~~~^^^^^^^^^^^^^^^^^^^^^^^\n  File \"/Users/best/Desktop/student-expense/venv/lib/python3.14/site-packages/psycopg/cursor.py\", line 97, in execute\n    raise ex.with_traceback(None)\npsycopg.errors.UndefinedColumn: column users.role does not exist\nLINE 1: ...sers.two_factor_enabled, users.two_factor_secret, users.role...\n                                                             ^\n\nThe above exception was the direct cause of the following exception:\n\nTraceback (most recent call last):\n  File \"/Users/best/Desktop/student-expense/backend/main.py\", line 113, in log_requests\n    response = await call_next(request)\n               ^^^^^^^^^^^^^^^^^^^^^^^^\n  File \"/Users/best/Desktop/student-expense/venv/lib/python3.14/site-packages/starlette/middleware/base.py\", line 163, in call_next\n    raise app_exc\n  File \"/Users/best/Desktop/student-expense/venv/lib/python3.14/site-packages/starlette/middleware/base.py\", line 149, in coro\n    await self.app(scope, receive_or_disconnect, send_no_error)\n  File \"/Users/best/Desktop/student-expense/venv/lib/python3.14/site-packages/starlette/middleware/cors.py\", line 93, in __call__\n    await self.simple_response(scope, receive, send, request_headers=headers)\n  File \"/Users/best/Desktop/student-expense/venv/lib/python3.14/site-packages/starlette/middleware/cors.py\", line 144, in simple_response\n    await self.app(scope, receive, send)\n  File \"/Users/best/Desktop/student-expense/venv/lib/python3.14/site-packages/starlette/middleware/gzip.py\", line 20, in __call__\n    await responder(scope, receive, send)\n  File \"/Users/best/Desktop/student-expense/venv/lib/python3.14/site-packages/starlette/middleware/gzip.py\", line 39, in __call__\n    await self.app(scope, receive, self.send_with_gzip)\n  File \"/Users/best/Desktop/student-expense/venv/lib/python3.14/site-packages/starlette/middleware/exceptions.py\", line 62, in __call__\n    await wrap_app_handling_exceptions(self.app, conn)(scope, receive, send)\n  File \"/Users/best/Desktop/student-expense/venv/lib/python3.14/site-packages/starlette/_exception_handler.py\", line 53, in wrapped_app\n    raise exc\n  File \"/Users/best/Desktop/student-expense/venv/lib/python3.14/site-packages/starlette/_exception_handler.py\", line 42, in wrapped_app\n    await app(scope, receive, sender)\n  File \"/Users/best/Desktop/student-expense/venv/lib/python3.14/site-packages/starlette/routing.py\", line 715, in __call__\n    await self.middleware_stack(scope, receive, send)\n  File \"/Users/best/Desktop/student-expense/venv/lib/python3.14/site-packages/starlette/routing.py\", line 735, in app\n    await route.handle(scope, receive, send)\n  File \"/Users/best/Desktop/student-expense/venv/lib/python3.14/site-packages/starlette/routing.py\", line 288, in handle\n    await self.app(scope, receive, send)\n  File \"/Users/best/Desktop/student-expense/venv/lib/python3.14/site-packages/starlette/routing.py\", line 76, in app\n    await wrap_app_handling_exceptions(app, request)(scope, receive, send)\n  File \"/Users/best/Desktop/student-expense/venv/lib/python3.14/site-packages/starlette/_exception_handler.py\", line 53, in wrapped_app\n    raise exc\n  File \"/Users/best/Desktop/student-expense/venv/lib/python3.14/site-packages/starlette/_exception_handler.py\", line 42, in wrapped_app\n    await app(scope, receive, sender)\n  File \"/Users/best/Desktop/student-expense/venv/lib/python3.14/site-packages/starlette/routing.py\", line 73, in app\n    response = await f(request)\n               ^^^^^^^^^^^^^^^^\n  File \"/Users/best/Desktop/student-expense/venv/lib/python3.14/site-packages/fastapi/routing.py\", line 301, in app\n    raw_response = await run_endpoint_function(\n                   ^^^^^^^^^^^^^^^^^^^^^^^^^^^^\n    ...<3 lines>...\n    )\n    ^\n  File \"/Users/best/Desktop/student-expense/venv/lib/python3.14/site-packages/fastapi/routing.py\", line 214, in run_endpoint_function\n    return await run_in_threadpool(dependant.call, **values)\n           ^^^^^^^^^^^^^^^^^^^^^^^^^^^^^^^^^^^^^^^^^^^^^^^^^\n  File \"/Users/best/Desktop/student-expense/venv/lib/python3.14/site-packages/starlette/concurrency.py\", line 39, in run_in_threadpool\n    return await anyio.to_thread.run_sync(func, *args)\n           ^^^^^^^^^^^^^^^^^^^^^^^^^^^^^^^^^^^^^^^^^^^\n  File \"/Users/best/Desktop/student-expense/venv/lib/python3.14/site-packages/anyio/to_thread.py\", line 63, in run_sync\n    return await get_async_backend().run_sync_in_worker_thread(\n           ^^^^^^^^^^^^^^^^^^^^^^^^^^^^^^^^^^^^^^^^^^^^^^^^^^^^\n        func, args, abandon_on_cancel=abandon_on_cancel, limiter=limiter\n        ^^^^^^^^^^^^^^^^^^^^^^^^^^^^^^^^^^^^^^^^^^^^^^^^^^^^^^^^^^^^^^^^\n    )\n    ^\n  File \"/Users/best/Desktop/student-expense/venv/lib/python3.14/site-packages/anyio/_backends/_asyncio.py\", line 2518, in run_sync_in_worker_thread\n    return await future\n           ^^^^^^^^^^^^\n  File \"/Users/best/Desktop/student-expense/venv/lib/python3.14/site-packages/anyio/_backends/_asyncio.py\", line 1002, in run\n    result = context.run(func, *args)\n  File \"/Users/best/Desktop/student-expense/backend/main.py\", line 320, in login\n    existing_user = db.scalar(select(models.User).where(models.User.email == email))\n  File \"/Users/best/Desktop/student-expense/venv/lib/python3.14/site-packages/sqlalchemy/orm/session.py\", line 2410, in scalar\n    return self._execute_internal(\n           ~~~~~~~~~~~~~~~~~~~~~~^\n        statement,\n        ^^^^^^^^^^\n    ...<4 lines>...\n        **kw,\n        ^^^^^\n    )\n    ^\n  File \"/Users/best/Desktop/student-expense/venv/lib/python3.14/site-packages/sqlalchemy/orm/session.py\", line 2247, in _execute_internal\n    result: Result[Any] = compile_state_cls.orm_execute_statement(\n                          ~~~~~~~~~~~~~~~~~~~~~~~~~~~~~~~~~~~~~~~^\n        self,\n        ^^^^^\n    ...<4 lines>...\n        conn,\n        ^^^^^\n    )\n    ^\n  File \"/Users/best/Desktop/student-expense/venv/lib/python3.14/site-packages/sqlalchemy/orm/context.py\", line 305, in orm_execute_statement\n    result = conn.execute(\n        statement, params or {}, execution_options=execution_options\n    )\n  File \"/Users/best/Desktop/student-expense/venv/lib/python3.14/site-packages/sqlalchemy/engine/base.py\", line 1418, in execute\n    return meth(\n        self,\n        distilled_parameters,\n        execution_options or NO_OPTIONS,\n    )\n  File \"/Users/best/Desktop/student-expense/venv/lib/python3.14/site-packages/sqlalchemy/sql/elements.py\", line 515, in _execute_on_connection\n    return connection._execute_clauseelement(\n           ~~~~~~~~~~~~~~~~~~~~~~~~~~~~~~~~~^\n        self, distilled_params, execution_options\n        ^^^^^^^^^^^^^^^^^^^^^^^^^^^^^^^^^^^^^^^^^\n    )\n    ^\n  File \"/Users/best/Desktop/student-expense/venv/lib/python3.14/site-packages/sqlalchemy/engine/base.py\", line 1640, in _execute_clauseelement\n    ret = self._execute_context(\n        dialect,\n    ...<8 lines>...\n        cache_hit=cache_hit,\n    )\n  File \"/Users/best/Desktop/student-expense/venv/lib/python3.14/site-packages/sqlalchemy/engine/base.py\", line 1846, in _execute_context\n    return self._exec_single_context(\n           ~~~~~~~~~~~~~~~~~~~~~~~~~^\n        dialect, context, statement, parameters\n        ^^^^^^^^^^^^^^^^^^^^^^^^^^^^^^^^^^^^^^^\n    )\n    ^\n  File \"/Users/best/Desktop/student-expense/venv/lib/python3.14/site-packages/sqlalchemy/engine/base.py\", line 1986, in _exec_single_context\n    self._handle_dbapi_exception(\n    ~~~~~~~~~~~~~~~~~~~~~~~~~~~~^\n        e, str_statement, effective_parameters, cursor, context\n        ^^^^^^^^^^^^^^^^^^^^^^^^^^^^^^^^^^^^^^^^^^^^^^^^^^^^^^^\n    )\n    ^\n  File \"/Users/best/Desktop/student-expense/venv/lib/python3.14/site-packages/sqlalchemy/engine/base.py\", line 2355, in _handle_dbapi_exception\n    raise sqlalchemy_exception.with_traceback(exc_info[2]) from e\n  File \"/Users/best/Desktop/student-expense/venv/lib/python3.14/site-packages/sqlalchemy/engine/base.py\", line 1967, in _exec_single_context\n    self.dialect.do_execute(\n    ~~~~~~~~~~~~~~~~~~~~~~~^\n        cursor, str_statement, effective_parameters, context\n        ^^^^^^^^^^^^^^^^^^^^^^^^^^^^^^^^^^^^^^^^^^^^^^^^^^^^\n    )\n    ^\n  File \"/Users/best/Desktop/student-expense/venv/lib/python3.14/site-packages/sqlalchemy/engine/default.py\", line 941, in do_execute\n    cursor.execute(statement, parameters)\n    ~~~~~~~~~~~~~~^^^^^^^^^^^^^^^^^^^^^^^\n  File \"/Users/best/Desktop/student-expense/venv/lib/python3.14/site-packages/psycopg/cursor.py\", line 97, in execute\n    raise ex.with_traceback(None)\nsqlalchemy.exc.ProgrammingError: (psycopg.errors.UndefinedColumn) column users.role does not exist\nLINE 1: ...sers.two_factor_enabled, users.two_factor_secret, users.role...\n                                                             ^\n[SQL: SELECT users.id, users.name, users.first_name, users.last_name, users.gender, users.email, users.password_hash, users.email_verified, users.two_factor_enabled, users.two_factor_secret, users.role, users.failed_login_attempts, users.locked_until, users.allowance, users.preferred_range, users.custom_range_start, users.custom_range_end \nFROM users \nWHERE users.email = %(email_1)s::VARCHAR]\n[parameters: {'email_1': 'debbieofficial214@gmail.com'}]\n(Background on this error at: https://sqlalche.me/e/20/f405)"}
{"timestamp":"2026-06-06T19:20:15+0100","level":"INFO","logger":"backend.logging_config","message":"Logging configured successfully (mode: production)"}
{"timestamp":"2026-06-06T19:20:15+0100","level":"INFO","logger":"main","message":"Starting StudentSpend API server..."}
{"timestamp":"2026-06-06T19:20:15+0100","level":"INFO","logger":"main","message":"StudentSpend API server started successfully"}
{"timestamp":"2026-06-06T19:20:15+0100","level":"ERROR","logger":"main","message":"Database backup failed: [Errno 2] No such file or directory: 'pg_dump'"}
{"timestamp":"2026-06-06T19:22:40+0100","level":"INFO","logger":"access","message":"request_started","request_id":"cc8bc994-1e8a-42aa-9acf-c09877741d53","correlation_id":"cc8bc994-1e8a-42aa-9acf-c09877741d53","method":"POST","path":"/api/auth/login","client_ip":"127.0.0.1","api_version":"v1","event":"request_started"}
{"timestamp":"2026-06-06T19:22:40+0100","level":"ERROR","logger":"backend.auth","message":"Redis error in check_login_rate_limit: Error 61 connecting to localhost:6379. Connection refused."}
{"timestamp":"2026-06-06T19:22:40+0100","level":"INFO","logger":"backend.auth","message":"User authenticated successfully: user_id=1, email=debbieofficial214@gmail.com"}
{"timestamp":"2026-06-06T19:22:40+0100","level":"ERROR","logger":"backend.auth","message":"Redis error in clear_failed_logins: Error 61 connecting to localhost:6379. Connection refused."}
{"timestamp":"2026-06-06T19:22:40+0100","level":"INFO","logger":"main","message":"Login successful: user_id=1, email=debbieofficial214@gmail.com, ip=127.0.0.1"}
{"timestamp":"2026-06-06T19:22:40+0100","level":"INFO","logger":"access","message":"request_completed","request_id":"cc8bc994-1e8a-42aa-9acf-c09877741d53","correlation_id":"cc8bc994-1e8a-42aa-9acf-c09877741d53","method":"POST","path":"/api/auth/login","status_code":200,"duration_ms":314.8,"client_ip":"127.0.0.1","api_version":"v1","event":"request_completed"}
{"timestamp":"2026-06-06T19:22:40+0100","level":"INFO","logger":"access","message":"request_started","request_id":"153c1693-2059-4e47-a6fb-bbc17d3b633f","correlation_id":"153c1693-2059-4e47-a6fb-bbc17d3b633f","method":"OPTIONS","path":"/api/state","client_ip":"127.0.0.1","api_version":"v1","event":"request_started"}
{"timestamp":"2026-06-06T19:22:40+0100","level":"INFO","logger":"access","message":"request_completed","request_id":"153c1693-2059-4e47-a6fb-bbc17d3b633f","correlation_id":"153c1693-2059-4e47-a6fb-bbc17d3b633f","method":"OPTIONS","path":"/api/state","status_code":200,"duration_ms":0.28,"client_ip":"127.0.0.1","api_version":"v1","event":"request_completed"}
{"timestamp":"2026-06-06T19:22:40+0100","level":"INFO","logger":"access","message":"request_started","request_id":"c26e050a-565a-41c9-8f01-9c28854f2f1c","correlation_id":"c26e050a-565a-41c9-8f01-9c28854f2f1c","method":"GET","path":"/api/state","client_ip":"127.0.0.1","api_version":"v1","event":"request_started"}
{"timestamp":"2026-06-06T19:22:40+0100","level":"INFO","logger":"main","message":"Background cleanup: expired tokens and codes purged."}
{"timestamp":"2026-06-06T19:22:40+0100","level":"ERROR","logger":"backend.auth","message":"Redis error in invalidate_state_cache: Error 61 connecting to localhost:6379. Connection refused."}
{"timestamp":"2026-06-06T19:22:40+0100","level":"ERROR","logger":"backend.auth","message":"Redis error in check_api_rate_limit: Error 61 connecting to localhost:6379. Connection refused."}
{"timestamp":"2026-06-06T19:22:40+0100","level":"ERROR","logger":"main","message":"Redis cache read error: Error 61 connecting to localhost:6379. Connection refused."}
{"timestamp":"2026-06-06T19:22:40+0100","level":"ERROR","logger":"main","message":"Redis cache write error: Error 61 connecting to localhost:6379. Connection refused."}
{"timestamp":"2026-06-06T19:22:40+0100","level":"INFO","logger":"access","message":"request_completed","request_id":"c26e050a-565a-41c9-8f01-9c28854f2f1c","correlation_id":"c26e050a-565a-41c9-8f01-9c28854f2f1c","method":"GET","path":"/api/state","status_code":200,"duration_ms":50.28,"client_ip":"127.0.0.1","api_version":"v1","event":"request_completed"}
{"timestamp":"2026-06-06T19:22:40+0100","level":"INFO","logger":"access","message":"request_started","request_id":"3e0875cb-3acb-4b5d-bb4a-7a2bed070867","correlation_id":"3e0875cb-3acb-4b5d-bb4a-7a2bed070867","method":"OPTIONS","path":"/api/recurring-expenses","client_ip":"127.0.0.1","api_version":"v1","event":"request_started"}
{"timestamp":"2026-06-06T19:22:40+0100","level":"INFO","logger":"access","message":"request_completed","request_id":"3e0875cb-3acb-4b5d-bb4a-7a2bed070867","correlation_id":"3e0875cb-3acb-4b5d-bb4a-7a2bed070867","method":"OPTIONS","path":"/api/recurring-expenses","status_code":200,"duration_ms":0.45,"client_ip":"127.0.0.1","api_version":"v1","event":"request_completed"}
{"timestamp":"2026-06-06T19:22:40+0100","level":"INFO","logger":"access","message":"request_started","request_id":"986fe4b6-95d7-436c-82c0-37a225cb3986","correlation_id":"986fe4b6-95d7-436c-82c0-37a225cb3986","method":"GET","path":"/api/recurring-expenses","client_ip":"127.0.0.1","api_version":"v1","event":"request_started"}
{"timestamp":"2026-06-06T19:22:40+0100","level":"ERROR","logger":"backend.auth","message":"Redis error in check_api_rate_limit: Error 61 connecting to localhost:6379. Connection refused."}
{"timestamp":"2026-06-06T19:22:40+0100","level":"INFO","logger":"access","message":"request_completed","request_id":"986fe4b6-95d7-436c-82c0-37a225cb3986","correlation_id":"986fe4b6-95d7-436c-82c0-37a225cb3986","method":"GET","path":"/api/recurring-expenses","status_code":200,"duration_ms":4.64,"client_ip":"127.0.0.1","api_version":"v1","event":"request_completed"}
{"timestamp":"2026-06-06T19:23:45+0100","level":"INFO","logger":"access","message":"request_started","request_id":"71b7ac98-18ef-4279-afef-db3e57993ee8","correlation_id":"71b7ac98-18ef-4279-afef-db3e57993ee8","method":"OPTIONS","path":"/api/categories/1","client_ip":"127.0.0.1","api_version":"v1","event":"request_started"}
{"timestamp":"2026-06-06T19:23:45+0100","level":"INFO","logger":"access","message":"request_completed","request_id":"71b7ac98-18ef-4279-afef-db3e57993ee8","correlation_id":"71b7ac98-18ef-4279-afef-db3e57993ee8","method":"OPTIONS","path":"/api/categories/1","status_code":200,"duration_ms":2.27,"client_ip":"127.0.0.1","api_version":"v1","event":"request_completed"}
{"timestamp":"2026-06-06T19:23:45+0100","level":"INFO","logger":"access","message":"request_started","request_id":"7705b9fe-7a86-4d3b-a2da-3b2de045bc52","correlation_id":"7705b9fe-7a86-4d3b-a2da-3b2de045bc52","method":"PATCH","path":"/api/categories/1","client_ip":"127.0.0.1","api_version":"v1","event":"request_started"}
{"timestamp":"2026-06-06T19:23:45+0100","level":"ERROR","logger":"backend.auth","message":"Redis error in invalidate_state_cache: Error 61 connecting to localhost:6379. Connection refused."}
{"timestamp":"2026-06-06T19:23:45+0100","level":"INFO","logger":"access","message":"request_completed","request_id":"7705b9fe-7a86-4d3b-a2da-3b2de045bc52","correlation_id":"7705b9fe-7a86-4d3b-a2da-3b2de045bc52","method":"PATCH","path":"/api/categories/1","status_code":200,"duration_ms":21.22,"client_ip":"127.0.0.1","api_version":"v1","event":"request_completed"}
{"timestamp":"2026-06-06T19:23:46+0100","level":"INFO","logger":"access","message":"request_started","request_id":"1ca32f1f-0266-4881-9db3-6ae605eb688e","correlation_id":"1ca32f1f-0266-4881-9db3-6ae605eb688e","method":"PATCH","path":"/api/categories/1","client_ip":"127.0.0.1","api_version":"v1","event":"request_started"}
{"timestamp":"2026-06-06T19:23:46+0100","level":"ERROR","logger":"backend.auth","message":"Redis error in invalidate_state_cache: Error 61 connecting to localhost:6379. Connection refused."}
{"timestamp":"2026-06-06T19:23:46+0100","level":"INFO","logger":"access","message":"request_completed","request_id":"1ca32f1f-0266-4881-9db3-6ae605eb688e","correlation_id":"1ca32f1f-0266-4881-9db3-6ae605eb688e","method":"PATCH","path":"/api/categories/1","status_code":200,"duration_ms":14.35,"client_ip":"127.0.0.1","api_version":"v1","event":"request_completed"}
{"timestamp":"2026-06-06T19:23:47+0100","level":"INFO","logger":"access","message":"request_started","request_id":"4a70f614-9733-4f54-814c-6f718a95fcc4","correlation_id":"4a70f614-9733-4f54-814c-6f718a95fcc4","method":"PATCH","path":"/api/categories/1","client_ip":"127.0.0.1","api_version":"v1","event":"request_started"}
{"timestamp":"2026-06-06T19:23:47+0100","level":"ERROR","logger":"backend.auth","message":"Redis error in invalidate_state_cache: Error 61 connecting to localhost:6379. Connection refused."}
{"timestamp":"2026-06-06T19:23:47+0100","level":"INFO","logger":"access","message":"request_completed","request_id":"4a70f614-9733-4f54-814c-6f718a95fcc4","correlation_id":"4a70f614-9733-4f54-814c-6f718a95fcc4","method":"PATCH","path":"/api/categories/1","status_code":200,"duration_ms":12.56,"client_ip":"127.0.0.1","api_version":"v1","event":"request_completed"}
{"timestamp":"2026-06-06T19:23:50+0100","level":"INFO","logger":"access","message":"request_started","request_id":"b0d3a594-4c33-4490-930c-a2ef4249d682","correlation_id":"b0d3a594-4c33-4490-930c-a2ef4249d682","method":"PATCH","path":"/api/categories/1","client_ip":"127.0.0.1","api_version":"v1","event":"request_started"}
{"timestamp":"2026-06-06T19:23:50+0100","level":"ERROR","logger":"backend.auth","message":"Redis error in invalidate_state_cache: Error 61 connecting to localhost:6379. Connection refused."}
{"timestamp":"2026-06-06T19:23:50+0100","level":"INFO","logger":"access","message":"request_completed","request_id":"b0d3a594-4c33-4490-930c-a2ef4249d682","correlation_id":"b0d3a594-4c33-4490-930c-a2ef4249d682","method":"PATCH","path":"/api/categories/1","status_code":200,"duration_ms":12.25,"client_ip":"127.0.0.1","api_version":"v1","event":"request_completed"}
{"timestamp":"2026-06-06T19:23:54+0100","level":"INFO","logger":"access","message":"request_started","request_id":"70ea436d-216b-40ca-946a-054e12f39350","correlation_id":"70ea436d-216b-40ca-946a-054e12f39350","method":"PATCH","path":"/api/categories/1","client_ip":"127.0.0.1","api_version":"v1","event":"request_started"}
{"timestamp":"2026-06-06T19:23:54+0100","level":"ERROR","logger":"backend.auth","message":"Redis error in invalidate_state_cache: Error 61 connecting to localhost:6379. Connection refused."}
{"timestamp":"2026-06-06T19:23:54+0100","level":"INFO","logger":"access","message":"request_completed","request_id":"70ea436d-216b-40ca-946a-054e12f39350","correlation_id":"70ea436d-216b-40ca-946a-054e12f39350","method":"PATCH","path":"/api/categories/1","status_code":200,"duration_ms":18.29,"client_ip":"127.0.0.1","api_version":"v1","event":"request_completed"}
{"timestamp":"2026-06-06T19:23:55+0100","level":"INFO","logger":"access","message":"request_started","request_id":"f9a07553-f202-4272-99d4-339984058523","correlation_id":"f9a07553-f202-4272-99d4-339984058523","method":"PATCH","path":"/api/categories/1","client_ip":"127.0.0.1","api_version":"v1","event":"request_started"}
{"timestamp":"2026-06-06T19:23:55+0100","level":"ERROR","logger":"backend.auth","message":"Redis error in invalidate_state_cache: Error 61 connecting to localhost:6379. Connection refused."}
{"timestamp":"2026-06-06T19:23:55+0100","level":"INFO","logger":"access","message":"request_completed","request_id":"f9a07553-f202-4272-99d4-339984058523","correlation_id":"f9a07553-f202-4272-99d4-339984058523","method":"PATCH","path":"/api/categories/1","status_code":200,"duration_ms":17.11,"client_ip":"127.0.0.1","api_version":"v1","event":"request_completed"}
{"timestamp":"2026-06-06T19:23:56+0100","level":"INFO","logger":"access","message":"request_started","request_id":"f0dfd4e2-ced2-4d67-980f-b04f3a1e1310","correlation_id":"f0dfd4e2-ced2-4d67-980f-b04f3a1e1310","method":"PATCH","path":"/api/categories/1","client_ip":"127.0.0.1","api_version":"v1","event":"request_started"}
{"timestamp":"2026-06-06T19:23:56+0100","level":"ERROR","logger":"backend.auth","message":"Redis error in invalidate_state_cache: Error 61 connecting to localhost:6379. Connection refused."}
{"timestamp":"2026-06-06T19:23:56+0100","level":"INFO","logger":"access","message":"request_completed","request_id":"f0dfd4e2-ced2-4d67-980f-b04f3a1e1310","correlation_id":"f0dfd4e2-ced2-4d67-980f-b04f3a1e1310","method":"PATCH","path":"/api/categories/1","status_code":200,"duration_ms":7.44,"client_ip":"127.0.0.1","api_version":"v1","event":"request_completed"}
{"timestamp":"2026-06-06T19:23:58+0100","level":"INFO","logger":"access","message":"request_started","request_id":"85831677-62f4-469c-9573-97547b9f3c18","correlation_id":"85831677-62f4-469c-9573-97547b9f3c18","method":"PATCH","path":"/api/categories/1","client_ip":"127.0.0.1","api_version":"v1","event":"request_started"}
{"timestamp":"2026-06-06T19:23:58+0100","level":"ERROR","logger":"backend.auth","message":"Redis error in invalidate_state_cache: Error 61 connecting to localhost:6379. Connection refused."}
{"timestamp":"2026-06-06T19:23:58+0100","level":"INFO","logger":"access","message":"request_completed","request_id":"85831677-62f4-469c-9573-97547b9f3c18","correlation_id":"85831677-62f4-469c-9573-97547b9f3c18","method":"PATCH","path":"/api/categories/1","status_code":200,"duration_ms":14.07,"client_ip":"127.0.0.1","api_version":"v1","event":"request_completed"}
{"timestamp":"2026-06-06T19:24:08+0100","level":"INFO","logger":"access","message":"request_started","request_id":"4c2226ba-6af1-4cdc-8fdb-6405e20331ca","correlation_id":"4c2226ba-6af1-4cdc-8fdb-6405e20331ca","method":"PATCH","path":"/api/categories/1","client_ip":"127.0.0.1","api_version":"v1","event":"request_started"}
{"timestamp":"2026-06-06T19:24:08+0100","level":"ERROR","logger":"backend.auth","message":"Redis error in invalidate_state_cache: Error 61 connecting to localhost:6379. Connection refused."}
{"timestamp":"2026-06-06T19:24:08+0100","level":"INFO","logger":"access","message":"request_completed","request_id":"4c2226ba-6af1-4cdc-8fdb-6405e20331ca","correlation_id":"4c2226ba-6af1-4cdc-8fdb-6405e20331ca","method":"PATCH","path":"/api/categories/1","status_code":200,"duration_ms":14.81,"client_ip":"127.0.0.1","api_version":"v1","event":"request_completed"}
{"timestamp":"2026-06-06T19:24:11+0100","level":"INFO","logger":"access","message":"request_started","request_id":"0a13bfe8-0dba-4ea1-b054-bf88e45f5e55","correlation_id":"0a13bfe8-0dba-4ea1-b054-bf88e45f5e55","method":"PATCH","path":"/api/categories/1","client_ip":"127.0.0.1","api_version":"v1","event":"request_started"}
{"timestamp":"2026-06-06T19:24:11+0100","level":"ERROR","logger":"backend.auth","message":"Redis error in invalidate_state_cache: Error 61 connecting to localhost:6379. Connection refused."}
{"timestamp":"2026-06-06T19:24:11+0100","level":"INFO","logger":"access","message":"request_completed","request_id":"0a13bfe8-0dba-4ea1-b054-bf88e45f5e55","correlation_id":"0a13bfe8-0dba-4ea1-b054-bf88e45f5e55","method":"PATCH","path":"/api/categories/1","status_code":200,"duration_ms":16.97,"client_ip":"127.0.0.1","api_version":"v1","event":"request_completed"}
{"timestamp":"2026-06-06T19:24:14+0100","level":"INFO","logger":"access","message":"request_started","request_id":"024d31dd-f8ef-477e-b614-cdecbdb0a97f","correlation_id":"024d31dd-f8ef-477e-b614-cdecbdb0a97f","method":"PATCH","path":"/api/categories/1","client_ip":"127.0.0.1","api_version":"v1","event":"request_started"}
{"timestamp":"2026-06-06T19:24:14+0100","level":"ERROR","logger":"backend.auth","message":"Redis error in invalidate_state_cache: Error 61 connecting to localhost:6379. Connection refused."}
{"timestamp":"2026-06-06T19:24:14+0100","level":"INFO","logger":"access","message":"request_completed","request_id":"024d31dd-f8ef-477e-b614-cdecbdb0a97f","correlation_id":"024d31dd-f8ef-477e-b614-cdecbdb0a97f","method":"PATCH","path":"/api/categories/1","status_code":200,"duration_ms":8.55,"client_ip":"127.0.0.1","api_version":"v1","event":"request_completed"}
{"timestamp":"2026-06-06T19:24:15+0100","level":"INFO","logger":"access","message":"request_started","request_id":"157e4d59-0d61-4739-a512-3bd9a4b1c3b1","correlation_id":"157e4d59-0d61-4739-a512-3bd9a4b1c3b1","method":"PATCH","path":"/api/categories/1","client_ip":"127.0.0.1","api_version":"v1","event":"request_started"}
{"timestamp":"2026-06-06T19:24:15+0100","level":"ERROR","logger":"backend.auth","message":"Redis error in invalidate_state_cache: Error 61 connecting to localhost:6379. Connection refused."}
{"timestamp":"2026-06-06T19:24:15+0100","level":"INFO","logger":"access","message":"request_completed","request_id":"157e4d59-0d61-4739-a512-3bd9a4b1c3b1","correlation_id":"157e4d59-0d61-4739-a512-3bd9a4b1c3b1","method":"PATCH","path":"/api/categories/1","status_code":200,"duration_ms":14.53,"client_ip":"127.0.0.1","api_version":"v1","event":"request_completed"}
{"timestamp":"2026-06-06T19:24:18+0100","level":"INFO","logger":"access","message":"request_started","request_id":"9e600e43-1c45-406b-91c7-bb4bbccc15aa","correlation_id":"9e600e43-1c45-406b-91c7-bb4bbccc15aa","method":"PATCH","path":"/api/categories/1","client_ip":"127.0.0.1","api_version":"v1","event":"request_started"}
{"timestamp":"2026-06-06T19:24:18+0100","level":"ERROR","logger":"backend.auth","message":"Redis error in invalidate_state_cache: Error 61 connecting to localhost:6379. Connection refused."}
{"timestamp":"2026-06-06T19:24:18+0100","level":"INFO","logger":"access","message":"request_completed","request_id":"9e600e43-1c45-406b-91c7-bb4bbccc15aa","correlation_id":"9e600e43-1c45-406b-91c7-bb4bbccc15aa","method":"PATCH","path":"/api/categories/1","status_code":200,"duration_ms":18.38,"client_ip":"127.0.0.1","api_version":"v1","event":"request_completed"}
{"timestamp":"2026-06-06T19:24:19+0100","level":"INFO","logger":"access","message":"request_started","request_id":"a62450ae-6803-42c5-abd2-ffaf5b1b2e5e","correlation_id":"a62450ae-6803-42c5-abd2-ffaf5b1b2e5e","method":"PATCH","path":"/api/categories/1","client_ip":"127.0.0.1","api_version":"v1","event":"request_started"}
{"timestamp":"2026-06-06T19:24:19+0100","level":"ERROR","logger":"backend.auth","message":"Redis error in invalidate_state_cache: Error 61 connecting to localhost:6379. Connection refused."}
{"timestamp":"2026-06-06T19:24:19+0100","level":"INFO","logger":"access","message":"request_completed","request_id":"a62450ae-6803-42c5-abd2-ffaf5b1b2e5e","correlation_id":"a62450ae-6803-42c5-abd2-ffaf5b1b2e5e","method":"PATCH","path":"/api/categories/1","status_code":200,"duration_ms":20.63,"client_ip":"127.0.0.1","api_version":"v1","event":"request_completed"}
{"timestamp":"2026-06-06T19:24:21+0100","level":"INFO","logger":"access","message":"request_started","request_id":"2f3a3142-8e38-4554-8bf8-a9aa070ff696","correlation_id":"2f3a3142-8e38-4554-8bf8-a9aa070ff696","method":"PATCH","path":"/api/categories/1","client_ip":"127.0.0.1","api_version":"v1","event":"request_started"}
{"timestamp":"2026-06-06T19:24:21+0100","level":"ERROR","logger":"backend.auth","message":"Redis error in invalidate_state_cache: Error 61 connecting to localhost:6379. Connection refused."}
{"timestamp":"2026-06-06T19:24:21+0100","level":"INFO","logger":"access","message":"request_completed","request_id":"2f3a3142-8e38-4554-8bf8-a9aa070ff696","correlation_id":"2f3a3142-8e38-4554-8bf8-a9aa070ff696","method":"PATCH","path":"/api/categories/1","status_code":200,"duration_ms":12.87,"client_ip":"127.0.0.1","api_version":"v1","event":"request_completed"}
{"timestamp":"2026-06-06T19:24:28+0100","level":"INFO","logger":"access","message":"request_started","request_id":"40d21240-111d-4e66-82a4-0e8e04130366","correlation_id":"40d21240-111d-4e66-82a4-0e8e04130366","method":"PATCH","path":"/api/categories/1","client_ip":"127.0.0.1","api_version":"v1","event":"request_started"}
{"timestamp":"2026-06-06T19:24:28+0100","level":"ERROR","logger":"backend.auth","message":"Redis error in invalidate_state_cache: Error 61 connecting to localhost:6379. Connection refused."}
{"timestamp":"2026-06-06T19:24:28+0100","level":"INFO","logger":"access","message":"request_completed","request_id":"40d21240-111d-4e66-82a4-0e8e04130366","correlation_id":"40d21240-111d-4e66-82a4-0e8e04130366","method":"PATCH","path":"/api/categories/1","status_code":200,"duration_ms":8.17,"client_ip":"127.0.0.1","api_version":"v1","event":"request_completed"}
{"timestamp":"2026-06-06T19:24:29+0100","level":"INFO","logger":"access","message":"request_started","request_id":"6e7be3f5-7645-4e0b-a9fb-d215a477f0f2","correlation_id":"6e7be3f5-7645-4e0b-a9fb-d215a477f0f2","method":"PATCH","path":"/api/categories/1","client_ip":"127.0.0.1","api_version":"v1","event":"request_started"}
{"timestamp":"2026-06-06T19:24:29+0100","level":"ERROR","logger":"backend.auth","message":"Redis error in invalidate_state_cache: Error 61 connecting to localhost:6379. Connection refused."}
{"timestamp":"2026-06-06T19:24:29+0100","level":"INFO","logger":"access","message":"request_completed","request_id":"6e7be3f5-7645-4e0b-a9fb-d215a477f0f2","correlation_id":"6e7be3f5-7645-4e0b-a9fb-d215a477f0f2","method":"PATCH","path":"/api/categories/1","status_code":200,"duration_ms":10.98,"client_ip":"127.0.0.1","api_version":"v1","event":"request_completed"}
{"timestamp":"2026-06-06T19:24:31+0100","level":"INFO","logger":"access","message":"request_started","request_id":"ebe7bd43-ea4b-44a4-b27a-dcd9eb1648c9","correlation_id":"ebe7bd43-ea4b-44a4-b27a-dcd9eb1648c9","method":"PATCH","path":"/api/categories/1","client_ip":"127.0.0.1","api_version":"v1","event":"request_started"}
{"timestamp":"2026-06-06T19:24:31+0100","level":"ERROR","logger":"backend.auth","message":"Redis error in invalidate_state_cache: Error 61 connecting to localhost:6379. Connection refused."}
{"timestamp":"2026-06-06T19:24:31+0100","level":"INFO","logger":"access","message":"request_completed","request_id":"ebe7bd43-ea4b-44a4-b27a-dcd9eb1648c9","correlation_id":"ebe7bd43-ea4b-44a4-b27a-dcd9eb1648c9","method":"PATCH","path":"/api/categories/1","status_code":200,"duration_ms":23.98,"client_ip":"127.0.0.1","api_version":"v1","event":"request_completed"}
{"timestamp":"2026-06-06T19:24:32+0100","level":"INFO","logger":"access","message":"request_started","request_id":"b09d4848-0852-4e41-932c-17baf9007914","correlation_id":"b09d4848-0852-4e41-932c-17baf9007914","method":"PATCH","path":"/api/categories/1","client_ip":"127.0.0.1","api_version":"v1","event":"request_started"}
{"timestamp":"2026-06-06T19:24:32+0100","level":"ERROR","logger":"backend.auth","message":"Redis error in invalidate_state_cache: Error 61 connecting to localhost:6379. Connection refused."}
{"timestamp":"2026-06-06T19:24:32+0100","level":"INFO","logger":"access","message":"request_completed","request_id":"b09d4848-0852-4e41-932c-17baf9007914","correlation_id":"b09d4848-0852-4e41-932c-17baf9007914","method":"PATCH","path":"/api/categories/1","status_code":200,"duration_ms":13.39,"client_ip":"127.0.0.1","api_version":"v1","event":"request_completed"}
{"timestamp":"2026-06-06T19:24:33+0100","level":"INFO","logger":"access","message":"request_started","request_id":"c7633bfa-b443-4830-b475-2de0e9cc2afd","correlation_id":"c7633bfa-b443-4830-b475-2de0e9cc2afd","method":"PATCH","path":"/api/categories/1","client_ip":"127.0.0.1","api_version":"v1","event":"request_started"}
{"timestamp":"2026-06-06T19:24:33+0100","level":"ERROR","logger":"backend.auth","message":"Redis error in invalidate_state_cache: Error 61 connecting to localhost:6379. Connection refused."}
{"timestamp":"2026-06-06T19:24:33+0100","level":"INFO","logger":"access","message":"request_completed","request_id":"c7633bfa-b443-4830-b475-2de0e9cc2afd","correlation_id":"c7633bfa-b443-4830-b475-2de0e9cc2afd","method":"PATCH","path":"/api/categories/1","status_code":200,"duration_ms":13.11,"client_ip":"127.0.0.1","api_version":"v1","event":"request_completed"}
{"timestamp":"2026-06-06T19:24:38+0100","level":"INFO","logger":"access","message":"request_started","request_id":"cfd9ea2d-1d0a-42ac-877e-3f59e8c7fbae","correlation_id":"cfd9ea2d-1d0a-42ac-877e-3f59e8c7fbae","method":"OPTIONS","path":"/api/categories/2","client_ip":"127.0.0.1","api_version":"v1","event":"request_started"}
{"timestamp":"2026-06-06T19:24:38+0100","level":"INFO","logger":"access","message":"request_completed","request_id":"cfd9ea2d-1d0a-42ac-877e-3f59e8c7fbae","correlation_id":"cfd9ea2d-1d0a-42ac-877e-3f59e8c7fbae","method":"OPTIONS","path":"/api/categories/2","status_code":200,"duration_ms":1.02,"client_ip":"127.0.0.1","api_version":"v1","event":"request_completed"}
{"timestamp":"2026-06-06T19:24:38+0100","level":"INFO","logger":"access","message":"request_started","request_id":"0eeda3e2-9e87-42ef-b985-410e611c35f5","correlation_id":"0eeda3e2-9e87-42ef-b985-410e611c35f5","method":"PATCH","path":"/api/categories/2","client_ip":"127.0.0.1","api_version":"v1","event":"request_started"}
{"timestamp":"2026-06-06T19:24:38+0100","level":"ERROR","logger":"backend.auth","message":"Redis error in invalidate_state_cache: Error 61 connecting to localhost:6379. Connection refused."}
{"timestamp":"2026-06-06T19:24:38+0100","level":"INFO","logger":"access","message":"request_completed","request_id":"0eeda3e2-9e87-42ef-b985-410e611c35f5","correlation_id":"0eeda3e2-9e87-42ef-b985-410e611c35f5","method":"PATCH","path":"/api/categories/2","status_code":200,"duration_ms":12.08,"client_ip":"127.0.0.1","api_version":"v1","event":"request_completed"}
{"timestamp":"2026-06-06T19:24:39+0100","level":"INFO","logger":"access","message":"request_started","request_id":"00b09fcf-1a75-4aa0-b9a2-4d611f1ded39","correlation_id":"00b09fcf-1a75-4aa0-b9a2-4d611f1ded39","method":"PATCH","path":"/api/categories/2","client_ip":"127.0.0.1","api_version":"v1","event":"request_started"}
{"timestamp":"2026-06-06T19:24:39+0100","level":"ERROR","logger":"backend.auth","message":"Redis error in invalidate_state_cache: Error 61 connecting to localhost:6379. Connection refused."}
{"timestamp":"2026-06-06T19:24:39+0100","level":"INFO","logger":"access","message":"request_completed","request_id":"00b09fcf-1a75-4aa0-b9a2-4d611f1ded39","correlation_id":"00b09fcf-1a75-4aa0-b9a2-4d611f1ded39","method":"PATCH","path":"/api/categories/2","status_code":200,"duration_ms":12.2,"client_ip":"127.0.0.1","api_version":"v1","event":"request_completed"}
{"timestamp":"2026-06-06T19:24:43+0100","level":"INFO","logger":"access","message":"request_started","request_id":"350cc5f9-d0a4-489b-a6d0-19b5ebd1cb6e","correlation_id":"350cc5f9-d0a4-489b-a6d0-19b5ebd1cb6e","method":"OPTIONS","path":"/api/categories/3","client_ip":"127.0.0.1","api_version":"v1","event":"request_started"}
{"timestamp":"2026-06-06T19:24:43+0100","level":"INFO","logger":"access","message":"request_completed","request_id":"350cc5f9-d0a4-489b-a6d0-19b5ebd1cb6e","correlation_id":"350cc5f9-d0a4-489b-a6d0-19b5ebd1cb6e","method":"OPTIONS","path":"/api/categories/3","status_code":200,"duration_ms":2.03,"client_ip":"127.0.0.1","api_version":"v1","event":"request_completed"}
{"timestamp":"2026-06-06T19:24:43+0100","level":"INFO","logger":"access","message":"request_started","request_id":"05e7fd09-e08f-4b1e-8568-73f0932e8686","correlation_id":"05e7fd09-e08f-4b1e-8568-73f0932e8686","method":"PATCH","path":"/api/categories/3","client_ip":"127.0.0.1","api_version":"v1","event":"request_started"}
{"timestamp":"2026-06-06T19:24:43+0100","level":"ERROR","logger":"backend.auth","message":"Redis error in invalidate_state_cache: Error 61 connecting to localhost:6379. Connection refused."}
{"timestamp":"2026-06-06T19:24:43+0100","level":"INFO","logger":"access","message":"request_completed","request_id":"05e7fd09-e08f-4b1e-8568-73f0932e8686","correlation_id":"05e7fd09-e08f-4b1e-8568-73f0932e8686","method":"PATCH","path":"/api/categories/3","status_code":200,"duration_ms":10.97,"client_ip":"127.0.0.1","api_version":"v1","event":"request_completed"}
{"timestamp":"2026-06-06T19:24:43+0100","level":"INFO","logger":"access","message":"request_started","request_id":"77e04879-ad95-49c3-88b4-2f12aaf8c905","correlation_id":"77e04879-ad95-49c3-88b4-2f12aaf8c905","method":"PATCH","path":"/api/categories/3","client_ip":"127.0.0.1","api_version":"v1","event":"request_started"}
{"timestamp":"2026-06-06T19:24:43+0100","level":"ERROR","logger":"backend.auth","message":"Redis error in invalidate_state_cache: Error 61 connecting to localhost:6379. Connection refused."}
{"timestamp":"2026-06-06T19:24:43+0100","level":"INFO","logger":"access","message":"request_completed","request_id":"77e04879-ad95-49c3-88b4-2f12aaf8c905","correlation_id":"77e04879-ad95-49c3-88b4-2f12aaf8c905","method":"PATCH","path":"/api/categories/3","status_code":200,"duration_ms":9.76,"client_ip":"127.0.0.1","api_version":"v1","event":"request_completed"}
{"timestamp":"2026-06-06T19:24:46+0100","level":"INFO","logger":"access","message":"request_started","request_id":"98073dd6-d743-4f74-b760-ecf2b311797b","correlation_id":"98073dd6-d743-4f74-b760-ecf2b311797b","method":"OPTIONS","path":"/api/categories/4","client_ip":"127.0.0.1","api_version":"v1","event":"request_started"}
{"timestamp":"2026-06-06T19:24:46+0100","level":"INFO","logger":"access","message":"request_completed","request_id":"98073dd6-d743-4f74-b760-ecf2b311797b","correlation_id":"98073dd6-d743-4f74-b760-ecf2b311797b","method":"OPTIONS","path":"/api/categories/4","status_code":200,"duration_ms":0.79,"client_ip":"127.0.0.1","api_version":"v1","event":"request_completed"}
{"timestamp":"2026-06-06T19:24:46+0100","level":"INFO","logger":"access","message":"request_started","request_id":"ff92b974-9742-4bcd-9702-2f409580a17b","correlation_id":"ff92b974-9742-4bcd-9702-2f409580a17b","method":"PATCH","path":"/api/categories/4","client_ip":"127.0.0.1","api_version":"v1","event":"request_started"}
{"timestamp":"2026-06-06T19:24:46+0100","level":"ERROR","logger":"backend.auth","message":"Redis error in invalidate_state_cache: Error 61 connecting to localhost:6379. Connection refused."}
{"timestamp":"2026-06-06T19:24:46+0100","level":"INFO","logger":"access","message":"request_completed","request_id":"ff92b974-9742-4bcd-9702-2f409580a17b","correlation_id":"ff92b974-9742-4bcd-9702-2f409580a17b","method":"PATCH","path":"/api/categories/4","status_code":200,"duration_ms":11.16,"client_ip":"127.0.0.1","api_version":"v1","event":"request_completed"}
{"timestamp":"2026-06-06T19:24:48+0100","level":"INFO","logger":"access","message":"request_started","request_id":"0b616e95-30c3-4145-89e2-e9af5e758954","correlation_id":"0b616e95-30c3-4145-89e2-e9af5e758954","method":"PATCH","path":"/api/categories/4","client_ip":"127.0.0.1","api_version":"v1","event":"request_started"}
{"timestamp":"2026-06-06T19:24:48+0100","level":"ERROR","logger":"backend.auth","message":"Redis error in invalidate_state_cache: Error 61 connecting to localhost:6379. Connection refused."}
{"timestamp":"2026-06-06T19:24:48+0100","level":"INFO","logger":"access","message":"request_completed","request_id":"0b616e95-30c3-4145-89e2-e9af5e758954","correlation_id":"0b616e95-30c3-4145-89e2-e9af5e758954","method":"PATCH","path":"/api/categories/4","status_code":200,"duration_ms":13.61,"client_ip":"127.0.0.1","api_version":"v1","event":"request_completed"}
{"timestamp":"2026-06-06T19:24:49+0100","level":"INFO","logger":"access","message":"request_started","request_id":"3148f4bc-a0f2-4a14-b12a-14f0b9f1e106","correlation_id":"3148f4bc-a0f2-4a14-b12a-14f0b9f1e106","method":"PATCH","path":"/api/categories/4","client_ip":"127.0.0.1","api_version":"v1","event":"request_started"}
{"timestamp":"2026-06-06T19:24:49+0100","level":"ERROR","logger":"backend.auth","message":"Redis error in invalidate_state_cache: Error 61 connecting to localhost:6379. Connection refused."}
{"timestamp":"2026-06-06T19:24:49+0100","level":"INFO","logger":"access","message":"request_completed","request_id":"3148f4bc-a0f2-4a14-b12a-14f0b9f1e106","correlation_id":"3148f4bc-a0f2-4a14-b12a-14f0b9f1e106","method":"PATCH","path":"/api/categories/4","status_code":200,"duration_ms":12.48,"client_ip":"127.0.0.1","api_version":"v1","event":"request_completed"}
{"timestamp":"2026-06-06T19:24:54+0100","level":"INFO","logger":"access","message":"request_started","request_id":"71f310b0-f423-4c4a-826a-2bbb6636a3d5","correlation_id":"71f310b0-f423-4c4a-826a-2bbb6636a3d5","method":"OPTIONS","path":"/api/categories/5","client_ip":"127.0.0.1","api_version":"v1","event":"request_started"}
{"timestamp":"2026-06-06T19:24:54+0100","level":"INFO","logger":"access","message":"request_completed","request_id":"71f310b0-f423-4c4a-826a-2bbb6636a3d5","correlation_id":"71f310b0-f423-4c4a-826a-2bbb6636a3d5","method":"OPTIONS","path":"/api/categories/5","status_code":200,"duration_ms":2.58,"client_ip":"127.0.0.1","api_version":"v1","event":"request_completed"}
{"timestamp":"2026-06-06T19:24:54+0100","level":"INFO","logger":"access","message":"request_started","request_id":"367c42f7-4ab5-4f68-bc0d-94c631937baa","correlation_id":"367c42f7-4ab5-4f68-bc0d-94c631937baa","method":"PATCH","path":"/api/categories/5","client_ip":"127.0.0.1","api_version":"v1","event":"request_started"}
{"timestamp":"2026-06-06T19:24:54+0100","level":"ERROR","logger":"backend.auth","message":"Redis error in invalidate_state_cache: Error 61 connecting to localhost:6379. Connection refused."}
{"timestamp":"2026-06-06T19:24:54+0100","level":"INFO","logger":"access","message":"request_completed","request_id":"367c42f7-4ab5-4f68-bc0d-94c631937baa","correlation_id":"367c42f7-4ab5-4f68-bc0d-94c631937baa","method":"PATCH","path":"/api/categories/5","status_code":200,"duration_ms":10.7,"client_ip":"127.0.0.1","api_version":"v1","event":"request_completed"}
{"timestamp":"2026-06-06T19:24:54+0100","level":"INFO","logger":"access","message":"request_started","request_id":"14034e0c-3f0c-4d7d-bc41-a2aabd91b227","correlation_id":"14034e0c-3f0c-4d7d-bc41-a2aabd91b227","method":"PATCH","path":"/api/categories/5","client_ip":"127.0.0.1","api_version":"v1","event":"request_started"}
{"timestamp":"2026-06-06T19:24:54+0100","level":"ERROR","logger":"backend.auth","message":"Redis error in invalidate_state_cache: Error 61 connecting to localhost:6379. Connection refused."}
{"timestamp":"2026-06-06T19:24:54+0100","level":"INFO","logger":"access","message":"request_completed","request_id":"14034e0c-3f0c-4d7d-bc41-a2aabd91b227","correlation_id":"14034e0c-3f0c-4d7d-bc41-a2aabd91b227","method":"PATCH","path":"/api/categories/5","status_code":200,"duration_ms":14.09,"client_ip":"127.0.0.1","api_version":"v1","event":"request_completed"}
{"timestamp":"2026-06-06T19:24:58+0100","level":"INFO","logger":"access","message":"request_started","request_id":"34899c38-4db4-4784-8839-8a4fa1addd7b","correlation_id":"34899c38-4db4-4784-8839-8a4fa1addd7b","method":"OPTIONS","path":"/api/categories/6","client_ip":"127.0.0.1","api_version":"v1","event":"request_started"}
{"timestamp":"2026-06-06T19:24:58+0100","level":"INFO","logger":"access","message":"request_completed","request_id":"34899c38-4db4-4784-8839-8a4fa1addd7b","correlation_id":"34899c38-4db4-4784-8839-8a4fa1addd7b","method":"OPTIONS","path":"/api/categories/6","status_code":200,"duration_ms":1.34,"client_ip":"127.0.0.1","api_version":"v1","event":"request_completed"}
{"timestamp":"2026-06-06T19:24:58+0100","level":"INFO","logger":"access","message":"request_started","request_id":"39fa7ec9-1692-4660-a4ea-d38fdda7fbe5","correlation_id":"39fa7ec9-1692-4660-a4ea-d38fdda7fbe5","method":"PATCH","path":"/api/categories/6","client_ip":"127.0.0.1","api_version":"v1","event":"request_started"}
{"timestamp":"2026-06-06T19:24:58+0100","level":"ERROR","logger":"backend.auth","message":"Redis error in invalidate_state_cache: Error 61 connecting to localhost:6379. Connection refused."}
{"timestamp":"2026-06-06T19:24:58+0100","level":"INFO","logger":"access","message":"request_completed","request_id":"39fa7ec9-1692-4660-a4ea-d38fdda7fbe5","correlation_id":"39fa7ec9-1692-4660-a4ea-d38fdda7fbe5","method":"PATCH","path":"/api/categories/6","status_code":200,"duration_ms":10.12,"client_ip":"127.0.0.1","api_version":"v1","event":"request_completed"}
{"timestamp":"2026-06-06T19:24:58+0100","level":"INFO","logger":"access","message":"request_started","request_id":"13438e1f-c0b7-416c-8e39-a70c357b90ad","correlation_id":"13438e1f-c0b7-416c-8e39-a70c357b90ad","method":"PATCH","path":"/api/categories/6","client_ip":"127.0.0.1","api_version":"v1","event":"request_started"}
{"timestamp":"2026-06-06T19:24:58+0100","level":"ERROR","logger":"backend.auth","message":"Redis error in invalidate_state_cache: Error 61 connecting to localhost:6379. Connection refused."}
{"timestamp":"2026-06-06T19:24:58+0100","level":"INFO","logger":"access","message":"request_completed","request_id":"13438e1f-c0b7-416c-8e39-a70c357b90ad","correlation_id":"13438e1f-c0b7-416c-8e39-a70c357b90ad","method":"PATCH","path":"/api/categories/6","status_code":200,"duration_ms":14.73,"client_ip":"127.0.0.1","api_version":"v1","event":"request_completed"}
{"timestamp":"2026-06-06T19:25:10+0100","level":"INFO","logger":"access","message":"request_started","request_id":"0e012dc9-58c0-4a49-9478-440d86f3e581","correlation_id":"0e012dc9-58c0-4a49-9478-440d86f3e581","method":"OPTIONS","path":"/api/goal","client_ip":"127.0.0.1","api_version":"v1","event":"request_started"}
{"timestamp":"2026-06-06T19:25:10+0100","level":"INFO","logger":"access","message":"request_completed","request_id":"0e012dc9-58c0-4a49-9478-440d86f3e581","correlation_id":"0e012dc9-58c0-4a49-9478-440d86f3e581","method":"OPTIONS","path":"/api/goal","status_code":200,"duration_ms":2.25,"client_ip":"127.0.0.1","api_version":"v1","event":"request_completed"}
{"timestamp":"2026-06-06T19:25:10+0100","level":"INFO","logger":"access","message":"request_started","request_id":"9946b87a-70de-481e-90aa-98d0b8897bb0","correlation_id":"9946b87a-70de-481e-90aa-98d0b8897bb0","method":"PUT","path":"/api/goal","client_ip":"127.0.0.1","api_version":"v1","event":"request_started"}
{"timestamp":"2026-06-06T19:25:10+0100","level":"ERROR","logger":"backend.auth","message":"Redis error in invalidate_state_cache: Error 61 connecting to localhost:6379. Connection refused."}
{"timestamp":"2026-06-06T19:25:10+0100","level":"INFO","logger":"access","message":"request_completed","request_id":"9946b87a-70de-481e-90aa-98d0b8897bb0","correlation_id":"9946b87a-70de-481e-90aa-98d0b8897bb0","method":"PUT","path":"/api/goal","status_code":200,"duration_ms":13.19,"client_ip":"127.0.0.1","api_version":"v1","event":"request_completed"}
{"timestamp":"2026-06-06T19:25:11+0100","level":"INFO","logger":"access","message":"request_started","request_id":"5f66c5c7-1187-4d5f-bc9d-541cac43ce34","correlation_id":"5f66c5c7-1187-4d5f-bc9d-541cac43ce34","method":"PUT","path":"/api/goal","client_ip":"127.0.0.1","api_version":"v1","event":"request_started"}
{"timestamp":"2026-06-06T19:25:11+0100","level":"ERROR","logger":"backend.auth","message":"Redis error in invalidate_state_cache: Error 61 connecting to localhost:6379. Connection refused."}
{"timestamp":"2026-06-06T19:25:11+0100","level":"INFO","logger":"access","message":"request_completed","request_id":"5f66c5c7-1187-4d5f-bc9d-541cac43ce34","correlation_id":"5f66c5c7-1187-4d5f-bc9d-541cac43ce34","method":"PUT","path":"/api/goal","status_code":200,"duration_ms":20.17,"client_ip":"127.0.0.1","api_version":"v1","event":"request_completed"}
{"timestamp":"2026-06-06T19:25:12+0100","level":"INFO","logger":"access","message":"request_started","request_id":"a24ea235-b624-44fb-914f-6d4a703fb568","correlation_id":"a24ea235-b624-44fb-914f-6d4a703fb568","method":"PUT","path":"/api/goal","client_ip":"127.0.0.1","api_version":"v1","event":"request_started"}
{"timestamp":"2026-06-06T19:25:12+0100","level":"ERROR","logger":"backend.auth","message":"Redis error in invalidate_state_cache: Error 61 connecting to localhost:6379. Connection refused."}
{"timestamp":"2026-06-06T19:25:12+0100","level":"INFO","logger":"access","message":"request_completed","request_id":"a24ea235-b624-44fb-914f-6d4a703fb568","correlation_id":"a24ea235-b624-44fb-914f-6d4a703fb568","method":"PUT","path":"/api/goal","status_code":200,"duration_ms":13.55,"client_ip":"127.0.0.1","api_version":"v1","event":"request_completed"}
{"timestamp":"2026-06-06T19:25:15+0100","level":"ERROR","logger":"main","message":"Database backup failed: [Errno 2] No such file or directory: 'pg_dump'"}
{"timestamp":"2026-06-06T19:25:18+0100","level":"INFO","logger":"access","message":"request_started","request_id":"bc3279d8-17fb-42d5-8ea9-c7b602063b59","correlation_id":"bc3279d8-17fb-42d5-8ea9-c7b602063b59","method":"OPTIONS","path":"/api/profile","client_ip":"127.0.0.1","api_version":"v1","event":"request_started"}
{"timestamp":"2026-06-06T19:25:18+0100","level":"INFO","logger":"access","message":"request_started","request_id":"9f8335be-817d-46c6-b898-d716465daecf","correlation_id":"9f8335be-817d-46c6-b898-d716465daecf","method":"PUT","path":"/api/goal","client_ip":"127.0.0.1","api_version":"v1","event":"request_started"}
{"timestamp":"2026-06-06T19:25:18+0100","level":"INFO","logger":"access","message":"request_completed","request_id":"bc3279d8-17fb-42d5-8ea9-c7b602063b59","correlation_id":"bc3279d8-17fb-42d5-8ea9-c7b602063b59","method":"OPTIONS","path":"/api/profile","status_code":200,"duration_ms":0.96,"client_ip":"127.0.0.1","api_version":"v1","event":"request_completed"}
{"timestamp":"2026-06-06T19:25:18+0100","level":"INFO","logger":"access","message":"request_started","request_id":"5be47d8b-6ba5-46bf-bab9-357295d800a3","correlation_id":"5be47d8b-6ba5-46bf-bab9-357295d800a3","method":"PATCH","path":"/api/profile","client_ip":"127.0.0.1","api_version":"v1","event":"request_started"}
{"timestamp":"2026-06-06T19:25:18+0100","level":"ERROR","logger":"backend.auth","message":"Redis error in invalidate_state_cache: Error 61 connecting to localhost:6379. Connection refused."}
{"timestamp":"2026-06-06T19:25:18+0100","level":"INFO","logger":"main","message":"Profile updated for user_id=1: allowance=100.00, preferred_range=week"}
{"timestamp":"2026-06-06T19:25:18+0100","level":"ERROR","logger":"backend.auth","message":"Redis error in invalidate_state_cache: Error 61 connecting to localhost:6379. Connection refused."}
{"timestamp":"2026-06-06T19:25:18+0100","level":"INFO","logger":"access","message":"request_completed","request_id":"9f8335be-817d-46c6-b898-d716465daecf","correlation_id":"9f8335be-817d-46c6-b898-d716465daecf","method":"PUT","path":"/api/goal","status_code":200,"duration_ms":11.36,"client_ip":"127.0.0.1","api_version":"v1","event":"request_completed"}
{"timestamp":"2026-06-06T19:25:18+0100","level":"INFO","logger":"access","message":"request_completed","request_id":"5be47d8b-6ba5-46bf-bab9-357295d800a3","correlation_id":"5be47d8b-6ba5-46bf-bab9-357295d800a3","method":"PATCH","path":"/api/profile","status_code":200,"duration_ms":9.33,"client_ip":"127.0.0.1","api_version":"v1","event":"request_completed"}
{"timestamp":"2026-06-06T19:25:19+0100","level":"INFO","logger":"access","message":"request_started","request_id":"10e19990-b235-4a13-966b-8fbba480a945","correlation_id":"10e19990-b235-4a13-966b-8fbba480a945","method":"PATCH","path":"/api/profile","client_ip":"127.0.0.1","api_version":"v1","event":"request_started"}
{"timestamp":"2026-06-06T19:25:19+0100","level":"INFO","logger":"access","message":"request_started","request_id":"e13e670e-0784-4634-97da-2c889e7c16fe","correlation_id":"e13e670e-0784-4634-97da-2c889e7c16fe","method":"PUT","path":"/api/goal","client_ip":"127.0.0.1","api_version":"v1","event":"request_started"}
{"timestamp":"2026-06-06T19:25:19+0100","level":"INFO","logger":"main","message":"Profile updated for user_id=1: allowance=1000.00, preferred_range=week"}
{"timestamp":"2026-06-06T19:25:19+0100","level":"ERROR","logger":"backend.auth","message":"Redis error in invalidate_state_cache: Error 61 connecting to localhost:6379. Connection refused."}
{"timestamp":"2026-06-06T19:25:19+0100","level":"ERROR","logger":"backend.auth","message":"Redis error in invalidate_state_cache: Error 61 connecting to localhost:6379. Connection refused."}
{"timestamp":"2026-06-06T19:25:19+0100","level":"INFO","logger":"access","message":"request_completed","request_id":"10e19990-b235-4a13-966b-8fbba480a945","correlation_id":"10e19990-b235-4a13-966b-8fbba480a945","method":"PATCH","path":"/api/profile","status_code":200,"duration_ms":15.73,"client_ip":"127.0.0.1","api_version":"v1","event":"request_completed"}
{"timestamp":"2026-06-06T19:25:19+0100","level":"INFO","logger":"access","message":"request_completed","request_id":"e13e670e-0784-4634-97da-2c889e7c16fe","correlation_id":"e13e670e-0784-4634-97da-2c889e7c16fe","method":"PUT","path":"/api/goal","status_code":200,"duration_ms":14.26,"client_ip":"127.0.0.1","api_version":"v1","event":"request_completed"}
{"timestamp":"2026-06-06T19:25:50+0100","level":"INFO","logger":"access","message":"request_started","request_id":"25e12563-b809-4264-83ab-607a7551c823","correlation_id":"25e12563-b809-4264-83ab-607a7551c823","method":"OPTIONS","path":"/api/expenses","client_ip":"127.0.0.1","api_version":"v1","event":"request_started"}
{"timestamp":"2026-06-06T19:25:50+0100","level":"INFO","logger":"access","message":"request_completed","request_id":"25e12563-b809-4264-83ab-607a7551c823","correlation_id":"25e12563-b809-4264-83ab-607a7551c823","method":"OPTIONS","path":"/api/expenses","status_code":200,"duration_ms":0.89,"client_ip":"127.0.0.1","api_version":"v1","event":"request_completed"}
{"timestamp":"2026-06-06T19:25:50+0100","level":"INFO","logger":"access","message":"request_started","request_id":"bc38cb95-a476-4309-8d8a-e178abe0e8c4","correlation_id":"bc38cb95-a476-4309-8d8a-e178abe0e8c4","method":"POST","path":"/api/expenses","client_ip":"127.0.0.1","api_version":"v1","event":"request_started"}
{"timestamp":"2026-06-06T19:25:50+0100","level":"INFO","logger":"main","message":"Expense created: expense_id=8, user_id=1, name=games, amount=20"}
{"timestamp":"2026-06-06T19:25:50+0100","level":"ERROR","logger":"backend.auth","message":"Redis error in invalidate_state_cache: Error 61 connecting to localhost:6379. Connection refused."}
{"timestamp":"2026-06-06T19:25:50+0100","level":"INFO","logger":"access","message":"request_completed","request_id":"bc38cb95-a476-4309-8d8a-e178abe0e8c4","correlation_id":"bc38cb95-a476-4309-8d8a-e178abe0e8c4","method":"POST","path":"/api/expenses","status_code":201,"duration_ms":27.43,"client_ip":"127.0.0.1","api_version":"v1","event":"request_completed"}
{"timestamp":"2026-06-06T19:25:50+0100","level":"INFO","logger":"access","message":"request_started","request_id":"e57b2c16-2f99-4db8-89d8-3c550f34de71","correlation_id":"e57b2c16-2f99-4db8-89d8-3c550f34de71","method":"PUT","path":"/api/goal","client_ip":"127.0.0.1","api_version":"v1","event":"request_started"}
{"timestamp":"2026-06-06T19:25:50+0100","level":"ERROR","logger":"backend.auth","message":"Redis error in invalidate_state_cache: Error 61 connecting to localhost:6379. Connection refused."}
{"timestamp":"2026-06-06T19:25:50+0100","level":"INFO","logger":"access","message":"request_completed","request_id":"e57b2c16-2f99-4db8-89d8-3c550f34de71","correlation_id":"e57b2c16-2f99-4db8-89d8-3c550f34de71","method":"PUT","path":"/api/goal","status_code":200,"duration_ms":7.59,"client_ip":"127.0.0.1","api_version":"v1","event":"request_completed"}
{"timestamp":"2026-06-06T19:26:08+0100","level":"INFO","logger":"access","message":"request_started","request_id":"fc92f930-bb1b-4bcf-ad67-a4ba80c238bd","correlation_id":"fc92f930-bb1b-4bcf-ad67-a4ba80c238bd","method":"POST","path":"/api/expenses","client_ip":"127.0.0.1","api_version":"v1","event":"request_started"}
{"timestamp":"2026-06-06T19:26:08+0100","level":"INFO","logger":"main","message":"Expense created: expense_id=9, user_id=1, name=lunch, amount=30"}
{"timestamp":"2026-06-06T19:26:08+0100","level":"ERROR","logger":"backend.auth","message":"Redis error in invalidate_state_cache: Error 61 connecting to localhost:6379. Connection refused."}
{"timestamp":"2026-06-06T19:26:08+0100","level":"INFO","logger":"access","message":"request_completed","request_id":"fc92f930-bb1b-4bcf-ad67-a4ba80c238bd","correlation_id":"fc92f930-bb1b-4bcf-ad67-a4ba80c238bd","method":"POST","path":"/api/expenses","status_code":201,"duration_ms":17.61,"client_ip":"127.0.0.1","api_version":"v1","event":"request_completed"}
{"timestamp":"2026-06-06T19:26:08+0100","level":"INFO","logger":"access","message":"request_started","request_id":"6a4a90db-9cd5-456e-a65a-a886e4f20ae7","correlation_id":"6a4a90db-9cd5-456e-a65a-a886e4f20ae7","method":"PUT","path":"/api/goal","client_ip":"127.0.0.1","api_version":"v1","event":"request_started"}
{"timestamp":"2026-06-06T19:26:08+0100","level":"ERROR","logger":"backend.auth","message":"Redis error in invalidate_state_cache: Error 61 connecting to localhost:6379. Connection refused."}
{"timestamp":"2026-06-06T19:26:08+0100","level":"INFO","logger":"access","message":"request_completed","request_id":"6a4a90db-9cd5-456e-a65a-a886e4f20ae7","correlation_id":"6a4a90db-9cd5-456e-a65a-a886e4f20ae7","method":"PUT","path":"/api/goal","status_code":200,"duration_ms":5.97,"client_ip":"127.0.0.1","api_version":"v1","event":"request_completed"}
{"timestamp":"2026-06-06T19:29:40+0100","level":"INFO","logger":"backend.logging_config","message":"Logging configured successfully (mode: production)"}
{"timestamp":"2026-06-06T19:29:40+0100","level":"ERROR","logger":"backend.auth","message":"Redis error in check_api_rate_limit: Error 61 connecting to localhost:6379. Connection refused."}
{"timestamp":"2026-06-06T19:29:40+0100","level":"ERROR","logger":"backend.auth","message":"Redis error in check_api_rate_limit: Error 61 connecting to localhost:6379. Connection refused."}
